clearance,clearance_margin,crosswind,gust_std,sigma,segment_event_probability
1.15,-1.1102230246251565e-16,0.0,0.35,0.2675,0.17500000000000002
1.2,0.04999999999999993,0.0,0.35,0.2675,0.1490521518556162
1.25,0.09999999999999998,0.0,0.35,0.2675,0.12399265849348494
1.2999999999999998,0.1499999999999998,0.0,0.35,0.2675,0.10061967465912981
1.3499999999999999,0.19999999999999984,0.0,0.35,0.2675,0.07956604624233646
1.4,0.24999999999999978,0.0,0.35,0.2675,0.06125088884865515
1.45,0.30000000000000004,0.0,0.35,0.2675,0.045863488908835806
1.5,0.34999999999999987,0.0,0.35,0.2675,0.033378427384300885
1.5499999999999998,0.3999999999999997,0.0,0.35,0.2675,0.02359509163740174
1.5999999999999999,0.44999999999999996,0.0,0.35,0.2675,0.016191302900033094
1.65,0.4999999999999998,0.0,0.35,0.2675,0.010780124854641413
1.7,0.55,0.0,0.35,0.2675,0.0069606792629490445
1.75,0.5999999999999999,0.0,0.35,0.2675,0.004357048006189288
1.7999999999999998,0.6499999999999997,0.0,0.35,0.2675,0.0026429754094765127
1.85,0.7,0.0,0.35,0.2675,0.001553168719044742
1.9,0.7499999999999998,0.0,0.35,0.2675,0.0008839929884447668
1.95,0.8,0.0,0.35,0.2675,0.00048716593342239495
2.0,0.8499999999999999,0.0,0.35,0.2675,0.00025990087570257504
2.05,0.8999999999999997,0.0,0.35,0.2675,0.00013420116488075103
2.1,0.95,0.0,0.35,0.2675,6.705734915557319e-05
2.15,0.9999999999999998,0.0,0.35,0.2675,3.2419749152469154e-05
2.2,1.05,0.0,0.35,0.2675,1.5162979450064719e-05
2.25,1.0999999999999999,0.0,0.35,0.2675,6.859864569476145e-06
2.3,1.1499999999999997,0.0,0.35,0.2675,3.0015972456111214e-06
2.35,1.2,0.0,0.35,0.2675,1.2701343283432554e-06
2.4,1.2499999999999998,0.0,0.35,0.2675,5.197157649810793e-07
2.45,1.3,0.0,0.35,0.2675,2.056191072779155e-07
2.5,1.3499999999999999,0.0,0.35,0.2675,7.865168367038773e-08
2.55,1.3999999999999997,0.0,0.35,0.2675,2.9084937117389974e-08
2.6,1.45,0.0,0.35,0.2675,1.0397166282144983e-08
2.65,1.4999999999999998,0.0,0.35,0.2675,3.592710039936895e-09
2.7,1.55,0.0,0.35,0.2675,1.199956059901452e-09
2.75,1.5999999999999999,0.0,0.35,0.2675,3.873665397893826e-10
2.8,1.6499999999999997,0.0,0.35,0.2675,1.2085698573151908e-10
2.85,1.7,0.0,0.35,0.2675,3.6441409734513085e-11
2.9,1.7499999999999998,0.0,0.35,0.2675,1.0618779658473518e-11
2.95,1.8,0.0,0.35,0.2675,2.9901545024697637e-12
3.0,1.8499999999999999,0.0,0.35,0.2675,8.136487139636138e-13
3.05,1.8999999999999997,0.0,0.35,0.2675,2.1393917729616445e-13
3.1,1.95,0.0,0.35,0.2675,5.4355125756315914e-14
3.15,1.9999999999999998,0.0,0.35,0.2675,1.3343664520121041e-14
3.2,2.05,0.0,0.35,0.2675,3.1650646188064615e-15
3.25,2.0999999999999996,0.0,0.35,0.2675,7.253574508052703e-16
3.3,2.1499999999999995,0.0,0.35,0.2675,1.6061032236442282e-16
3.35,2.2,0.0,0.35,0.2675,3.4358737140683384e-17
3.4,2.25,0.0,0.35,0.2675,7.10124261835201e-18
3.45,2.3,0.0,0.35,0.2675,1.4179356349732775e-18
3.5,2.3499999999999996,0.0,0.35,0.2675,2.735242106892388e-19
3.5500000000000003,2.4000000000000004,0.0,0.35,0.2675,5.0973523698329005e-20
3.6,2.45,0.0,0.35,0.2675,9.176902654032586e-21
3.65,2.5,0.0,0.35,0.2675,1.596039105246374e-21
3.7,2.55,0.0,0.35,0.2675,2.6815171488890354e-22
3.75,2.5999999999999996,0.0,0.35,0.2675,4.352124670175328e-23
3.8000000000000003,2.6500000000000004,0.0,0.35,0.2675,6.823389133672517e-24
3.85,2.7,0.0,0.35,0.2675,1.0334076507523621e-24
3.9,2.75,0.0,0.35,0.2675,1.5118574967554166e-25
3.95,2.8,0.0,0.35,0.2675,2.1365491210039737e-26
4.0,2.8499999999999996,0.0,0.35,0.2675,2.9165751470178812e-27
4.050000000000001,2.9000000000000004,0.0,0.35,0.2675,3.8458059998248165e-28
4.1,2.9499999999999993,0.0,0.35,0.2675,4.8983672860998535e-29
4.15,3.0,0.0,0.35,0.2675,6.026444277339441e-30
4.2,3.05,0.0,0.35,0.2675,7.161648625856975e-31
4.25,3.0999999999999996,0.0,0.35,0.2675,8.220596842569199e-32
4.300000000000001,3.1500000000000004,0.0,0.35,0.2675,9.114413798562863e-33
4.35,3.1999999999999993,0.0,0.35,0.2675,9.760811214421193e-34
4.4,3.250000000000001,0.0,0.35,0.2675,1.0096520603146918e-34
4.45,3.3000000000000007,0.0,0.35,0.2675,1.0087492351965851e-35
4.5,3.3500000000000005,0.0,0.35,0.2675,9.734586255944337e-37
4.550000000000001,3.4000000000000012,0.0,0.35,0.2675,9.073437067770716e-38
4.6,3.45,0.0,0.35,0.2675,8.16852405025845e-39
4.65,3.500000000000001,0.0,0.35,0.2675,7.102811032041249e-40
4.7,3.5500000000000007,0.0,0.35,0.2675,5.965260587150237e-41
4.75,3.6000000000000005,0.0,0.35,0.2675,4.838812026157754e-42
4.800000000000001,3.6500000000000012,0.0,0.35,0.2675,3.7910195709237236e-43
4.85,3.7,0.0,0.35,0.2675,2.8686601810328947e-44
4.9,3.750000000000001,0.0,0.35,0.2675,2.0965534066141946e-45
4.95,3.8000000000000007,0.0,0.35,0.2675,1.479907331699761e-46
5.0,3.8500000000000005,0.0,0.35,0.2675,1.0089345086535708e-47
5.050000000000001,3.9000000000000012,0.0,0.35,0.2675,6.643385601536902e-49
5.1,3.95,0.0,0.35,0.2675,4.224858901565341e-50
5.15,4.000000000000001,0.0,0.35,0.2675,2.59495314407321e-51
1.15,-1.1102230246251565e-16,0.0,0.75,0.2875,0.17500000000000002
1.2,0.04999999999999993,0.0,0.75,0.2875,0.1508384152852075
1.25,0.09999999999999998,0.0,0.75,0.2875,0.12739488946822697
1.2999999999999998,0.1499999999999998,0.0,0.75,0.2875,0.10532409575984612
1.3499999999999999,0.19999999999999984,0.0,0.75,0.2875,0.08516316962405428
1.4,0.24999999999999978,0.0,0.75,0.2875,0.06729415927440915
1.45,0.30000000000000004,0.0,0.75,0.2875,0.05192719770725917
1.5,0.34999999999999987,0.0,0.75,0.2875,0.03910468973966917
1.5499999999999998,0.3999999999999997,0.0,0.75,0.2875,0.02872330229249127
1.5999999999999999,0.44999999999999996,0.0,0.75,0.2875,0.020568090380137082
1.65,0.4999999999999998,0.0,0.75,0.2875,0.014352068907311675
1.7,0.55,0.0,0.75,0.2875,0.009754935161255156
1.75,0.5999999999999999,0.0,0.75,0.2875,0.006456111358337421
1.7999999999999998,0.6499999999999997,0.0,0.75,0.2875,0.004159283670743717
1.85,0.7,0.0,0.75,0.2875,0.002607629300906889
1.9,0.7499999999999998,0.0,0.75,0.2875,0.0015905406627186335
1.95,0.8,0.0,0.75,0.2875,0.0009436664847612319
2.0,0.8499999999999999,0.0,0.75,0.2875,0.0005444780215977062
2.05,0.8999999999999997,0.0,0.75,0.2875,0.0003054585654818493
2.1,0.95,0.0,0.75,0.2875,0.00016659587281225163
2.15,0.9999999999999998,0.0,0.75,0.2875,8.831873924613332e-05
2.2,1.05,0.0,0.75,0.2875,4.550519394455169e-05
2.25,1.0999999999999999,0.0,0.75,0.2875,2.2784355207807274e-05
2.3,1.1499999999999997,0.0,0.75,0.2875,1.1084934641592015e-05
2.35,1.2,0.0,0.75,0.2875,5.239711302014956e-06
2.4,1.2499999999999998,0.0,0.75,0.2875,2.406137280022873e-06
2.45,1.3,0.0,0.75,0.2875,1.0733383321487162e-06
2.5,1.3499999999999999,0.0,0.75,0.2875,4.650755075072187e-07
2.55,1.3999999999999997,0.0,0.75,0.2875,1.9572711563168068e-07
2.6,1.45,0.0,0.75,0.2875,8.000032705501473e-08
2.65,1.4999999999999998,0.0,0.75,0.2875,3.1755612815458827e-08
2.7,1.55,0.0,0.75,0.2875,1.224091571175369e-08
2.75,1.5999999999999999,0.0,0.75,0.2875,4.581951398002968e-09
2.8,1.6499999999999997,0.0,0.75,0.2875,1.665368368189465e-09
2.85,1.7,0.0,0.75,0.2875,5.877260917925059e-10
2.9,1.7499999999999998,0.0,0.75,0.2875,2.0138510735961635e-10
2.95,1.8,0.0,0.75,0.2875,6.699641305646132e-11
3.0,1.8499999999999999,0.0,0.75,0.2875,2.1638780258176313e-11
3.05,1.8999999999999997,0.0,0.75,0.2875,6.7851153562928074e-12
3.1,1.95,0.0,0.75,0.2875,2.0654374982729203e-12
3.15,1.9999999999999998,0.0,0.75,0.2875,6.103588039432143e-13
3.2,2.05,0.0,0.75,0.2875,1.7509165483621657e-13
3.25,2.0999999999999996,0.0,0.75,0.2875,4.875758803277742e-14
3.3,2.1499999999999995,0.0,0.75,0.2875,1.317970285670117e-14
3.35,2.2,0.0,0.75,0.2875,3.4581702672624206e-15
3.4,2.25,0.0,0.75,0.2875,8.80756259200442e-16
3.45,2.3,0.0,0.75,0.2875,2.1773362009951402e-16
3.5,2.3499999999999996,0.0,0.75,0.2875,5.2245379665297354e-17
3.5500000000000003,2.4000000000000004,0.0,0.75,0.2875,1.2167899616410838e-17
3.6,2.45,0.0,0.75,0.2875,2.7505641513594503e-18
3.65,2.5,0.0,0.75,0.2875,6.034757846822361e-19
3.7,2.55,0.0,0.75,0.2875,1.2850607440935018e-19
3.75,2.5999999999999996,0.0,0.75,0.2875,2.6558733597870343e-20
3.8000000000000003,2.6500000000000004,0.0,0.75,0.2875,5.327278826129568e-21
3.85,2.7,0.0,0.75,0.2875,1.037080816294713e-21
3.9,2.75,0.0,0.75,0.2875,1.9594035692951658e-22
3.95,2.8,0.0,0.75,0.2875,3.592812660679408e-23
4.0,2.8499999999999996,0.0,0.75,0.2875,6.393521484334806e-24
4.050000000000001,2.9000000000000004,0.0,0.75,0.2875,1.1041708490034601e-24
4.1,2.9499999999999993,0.0,0.75,0.2875,1.8506271743365709e-25
4.15,3.0,0.0,0.75,0.2875,3.010122787299604e-26
4.2,3.05,0.0,0.75,0.2875,4.751474425791288e-27
4.25,3.0999999999999996,0.0,0.75,0.2875,7.278601584236632e-28
4.300000000000001,3.1500000000000004,0.0,0.75,0.2875,1.0820304541967284e-28
4.35,3.1999999999999993,0.0,0.75,0.2875,1.5609887547381998e-29
4.4,3.250000000000001,0.0,0.75,0.2875,2.1853737777012393e-30
4.45,3.3000000000000007,0.0,0.75,0.2875,2.9690286417386714e-31
4.5,3.3500000000000005,0.0,0.75,0.2875,3.9143794440194886e-32
4.550000000000001,3.4000000000000012,0.0,0.75,0.2875,5.008049589047132e-33
4.6,3.45,0.0,0.75,0.2875,6.217687392271785e-34
4.65,3.500000000000001,0.0,0.75,0.2875,7.491024491977794e-35
4.7,3.5500000000000007,0.0,0.75,0.2875,8.757965497726405e-36
4.75,3.6000000000000005,0.0,0.75,0.2875,9.93602385055095e-37
4.800000000000001,3.6500000000000012,0.0,0.75,0.2875,1.0938737410138887e-37
4.85,3.7,0.0,0.75,0.2875,1.1685971552032981e-38
4.9,3.750000000000001,0.0,0.75,0.2875,1.211444352893291e-39
4.95,3.8000000000000007,0.0,0.75,0.2875,1.2186561120272513e-40
5.0,3.8500000000000005,0.0,0.75,0.2875,1.1895865372641457e-41
5.050000000000001,3.9000000000000012,0.0,0.75,0.2875,1.126798501931256e-42
5.1,3.95,0.0,0.75,0.2875,1.0356907108266244e-43
5.15,4.000000000000001,0.0,0.75,0.2875,9.237316269786428e-45
1.15,-1.1102230246251565e-16,0.0,1.2,0.31,0.17500000000000002
1.2,0.04999999999999993,0.0,1.2,0.31,0.1525763303632263
1.25,0.09999999999999998,0.0,1.2,0.31,0.13072724939252064
1.2999999999999998,0.1499999999999998,0.0,1.2,0.31,0.10998355297760017
1.3499999999999999,0.19999999999999984,0.0,1.2,0.31,0.09079396701728344
1.4,0.24999999999999978,0.0,1.2,0.31,0.07349693701705941
1.45,0.30000000000000004,0.0,1.2,0.31,0.058305322067816336
1.5,0.34999999999999987,0.0,1.2,0.31,0.04530473954083261
1.5499999999999998,0.3999999999999997,0.0,1.2,0.31,0.03446426899160806
1.5999999999999999,0.44999999999999996,0.0,1.2,0.31,0.025656622062954465
1.65,0.4999999999999998,0.0,1.2,0.31,0.01868396849691434
1.7,0.55,0.0,1.2,0.31,0.013305449676732367
1.75,0.5999999999999999,0.0,1.2,0.31,0.00926291555522724
1.7999999999999998,0.6499999999999997,0.0,1.2,0.31,0.006302374589056079
1.85,0.7,0.0,1.2,0.31,0.004189786558276279
1.9,0.7499999999999998,0.0,1.2,0.31,0.002720911377252473
1.95,0.8,0.0,1.2,0.31,0.0017257780163989136
2.0,0.8499999999999999,0.0,1.2,0.31,0.0010688708960286516
2.05,0.8999999999999997,0.0,1.2,0.31,0.0006463454028646273
2.1,0.95,0.0,1.2,0.31,0.00038153923154902954
2.15,0.9999999999999998,0.0,1.2,0.31,0.0002198319804561275
2.2,1.05,0.0,1.2,0.31,0.00012361381690597666
2.25,1.0999999999999999,0.0,1.2,0.31,6.782967242626425e-05
2.3,1.1499999999999997,0.0,1.2,0.31,3.6316610643925944e-05
2.35,1.2,0.0,1.2,0.31,1.897072416474561e-05
2.4,1.2499999999999998,0.0,1.2,0.31,9.667608152793718e-06
2.45,1.3,0.0,1.2,0.31,4.805928114495443e-06
2.5,1.3499999999999999,0.0,1.2,0.31,2.3303862836157816e-06
2.55,1.3999999999999997,0.0,1.2,0.31,1.1021552019335148e-06
2.6,1.45,0.0,1.2,0.31,5.083885904726223e-07
2.65,1.4999999999999998,0.0,1.2,0.31,2.2869836251082724e-07
2.7,1.55,0.0,1.2,0.31,1.0032805015771807e-07
2.75,1.5999999999999999,0.0,1.2,0.31,4.291935966619144e-08
2.8,1.6499999999999997,0.0,1.2,0.31,1.7903445839972307e-08
2.85,1.7,0.0,1.2,0.31,7.282070834024236e-09
2.9,1.7499999999999998,0.0,1.2,0.31,2.8879631029290343e-09
2.95,1.8,0.0,1.2,0.31,1.1166872887318702e-09
3.0,1.8499999999999999,0.0,1.2,0.31,4.2097902006429055e-10
3.05,1.8999999999999997,0.0,1.2,0.31,1.5472660103838455e-10
3.1,1.95,0.0,1.2,0.31,5.5441215367066704e-11
3.15,1.9999999999999998,0.0,1.2,0.31,1.936654248809487e-11
3.2,2.05,0.0,1.2,0.31,6.594959602391777e-12
3.25,2.0999999999999996,0.0,1.2,0.31,2.189286799879883e-12
3.3,2.1499999999999995,0.0,1.2,0.31,7.084579007244743e-13
3.35,2.2,0.0,1.2,0.31,2.2347928840790263e-13
3.4,2.25,0.0,1.2,0.31,6.871694710189407e-14
3.45,2.3,0.0,1.2,0.31,2.0596137009149966e-14
3.5,2.3499999999999996,0.0,1.2,0.31,6.017214234596285e-15
3.5500000000000003,2.4000000000000004,0.0,1.2,0.31,1.7135068035797888e-15
3.6,2.45,0.0,1.2,0.31,4.7560905137395e-16
3.65,2.5,0.0,1.2,0.31,1.2867137287716877e-16
3.7,2.55,0.0,1.2,0.31,3.39293289161869e-17
3.75,2.5999999999999996,0.0,1.2,0.31,8.720158895943266e-18
3.8000000000000003,2.6500000000000004,0.0,1.2,0.31,2.184358404437613e-18
3.85,2.7,0.0,1.2,0.31,5.332963611751112e-19
3.9,2.75,0.0,1.2,0.31,1.2689767821242849e-19
3.95,2.8,0.0,1.2,0.31,2.942892621223019e-20
4.0,2.8499999999999996,0.0,1.2,0.31,6.651604480086121e-21
4.050000000000001,2.9000000000000004,0.0,1.2,0.31,1.4652288720906509e-21
4.1,2.9499999999999993,0.0,1.2,0.31,3.145629398461116e-22
4.15,3.0,0.0,1.2,0.31,6.581560115194507e-23
4.2,3.05,0.0,1.2,0.31,1.3420407686415756e-23
4.25,3.0999999999999996,0.0,1.2,0.31,2.6669485584562414e-24
4.300000000000001,3.1500000000000004,0.0,1.2,0.31,5.165023611143426e-25
4.35,3.1999999999999993,0.0,1.2,0.31,9.748449399733345e-26
4.4,3.250000000000001,0.0,1.2,0.31,1.793086680750073e-26
4.45,3.3000000000000007,0.0,1.2,0.31,3.2141535744488877e-27
4.5,3.3500000000000005,0.0,1.2,0.31,5.614728578294458e-28
4.550000000000001,3.4000000000000012,0.0,1.2,0.31,9.558396404098126e-29
4.6,3.45,0.0,1.2,0.31,1.5857432438667915e-29
4.65,3.500000000000001,0.0,1.2,0.31,2.5637153377736237e-30
4.7,3.5500000000000007,0.0,1.2,0.31,4.039182444130915e-31
4.75,3.6000000000000005,0.0,1.2,0.31,6.201569364219974e-32
4.800000000000001,3.6500000000000012,0.0,1.2,0.31,9.278804566624841e-33
4.85,3.7,0.0,1.2,0.31,1.3528904759934681e-33
4.9,3.750000000000001,0.0,1.2,0.31,1.9222568844353227e-34
4.95,3.8000000000000007,0.0,1.2,0.31,2.6615611202156184e-35
5.0,3.8500000000000005,0.0,1.2,0.31,3.591168871575042e-36
5.050000000000001,3.9000000000000012,0.0,1.2,0.31,4.721802070386895e-37
5.1,3.95,0.0,1.2,0.31,6.049932945837067e-38
5.15,4.000000000000001,0.0,1.2,0.31,7.553748230476032e-39
1.15,-1.1102230246251565e-16,0.0,1.8,0.34,0.17500000000000002
1.2,0.04999999999999993,0.0,1.8,0.34,0.1545399783389347
1.25,0.09999999999999998,0.0,1.8,0.34,0.13451690114814152
1.2999999999999998,0.1499999999999998,0.0,1.8,0.34,0.11533991803989298
1.3499999999999999,0.19999999999999984,0.0,1.8,0.34,0.09736551482470873
1.4,0.24999999999999978,0.0,1.8,0.34,0.08087806823201299
1.45,0.30000000000000004,0.0,1.8,0.34,0.06607754570799351
1.5,0.34999999999999987,0.0,1.8,0.34,0.05307508903722234
1.5499999999999998,0.3999999999999997,0.0,1.8,0.34,0.04189620378943821
1.5999999999999999,0.44999999999999996,0.0,1.8,0.34,0.03249039184634569
1.65,0.4999999999999998,0.0,1.8,0.34,0.024745438810157318
1.7,0.55,0.0,1.8,0.34,0.018504269232618935
1.75,0.5999999999999999,0.0,1.8,0.34,0.013582311655097936
1.7999999999999998,0.6499999999999997,0.0,1.8,0.34,0.00978361661305502
1.85,0.7,0.0,1.8,0.34,0.006914450686073365
1.9,0.7499999999999998,0.0,1.8,0.34,0.004793641673787495
1.95,0.8,0.0,1.8,0.34,0.0032594765502955004
2.0,0.8499999999999999,0.0,1.8,0.34,0.002173382864021651
2.05,0.8999999999999997,0.0,1.8,0.34,0.0014209164883814552
2.1,0.95,0.0,1.8,0.34,0.000910726984947539
2.15,0.9999999999999998,0.0,1.8,0.34,0.0005721943522213971
2.2,1.05,0.0,1.8,0.34,0.00035236071701662887
2.25,1.0999999999999999,0.0,1.8,0.34,0.00021265560039692807
2.3,1.1499999999999997,0.0,1.8,0.34,0.00012576855397636015
2.35,1.2,0.0,1.8,0.34,7.288479819656772e-05
2.4,1.2499999999999998,0.0,1.8,0.34,4.138454358146273e-05
2.45,1.3,0.0,1.8,0.34,2.3022105875794647e-05
2.5,1.3499999999999999,0.0,1.8,0.34,1.2546694535870932e-05
2.55,1.3999999999999997,0.0,1.8,0.34,6.698304961412881e-06
2.6,1.45,0.0,1.8,0.34,3.5028997366526735e-06
2.65,1.4999999999999998,0.0,1.8,0.34,1.7943013019707644e-06
2.7,1.55,0.0,1.8,0.34,9.002170167872724e-07
2.75,1.5999999999999999,0.0,1.8,0.34,4.42347964344655e-07
2.8,1.6499999999999997,0.0,1.8,0.34,2.1287661634647006e-07
2.85,1.7,0.0,1.8,0.34,1.003280501577184e-07
2.9,1.7499999999999998,0.0,1.8,0.34,4.630541498764032e-08
2.95,1.8,0.0,1.8,0.34,2.0928674670438347e-08
3.0,1.8499999999999999,0.0,1.8,0.34,9.262723551909917e-09
3.05,1.8999999999999997,0.0,1.8,0.34,4.014302265520207e-09
3.1,1.95,0.0,1.8,0.34,1.7035072860304603e-09
3.15,1.9999999999999998,0.0,1.8,0.34,7.078306756650699e-10
3.2,2.05,0.0,1.8,0.34,2.8797567652903585e-10
3.25,2.0999999999999996,0.0,1.8,0.34,1.1471322465197993e-10
3.3,2.1499999999999995,0.0,1.8,0.34,4.473971511850334e-11
3.35,2.2,0.0,1.8,0.34,1.708387221878942e-11
3.4,2.25,0.0,1.8,0.34,6.3868190857902204e-12
3.45,2.3,0.0,1.8,0.34,2.337654921708007e-12
3.5,2.3499999999999996,0.0,1.8,0.34,8.376573314521614e-13
3.5500000000000003,2.4000000000000004,0.0,1.8,0.34,2.93856772511322e-13
3.6,2.45,0.0,1.8,0.34,1.0092106358293668e-13
3.65,2.5,0.0,1.8,0.34,3.393114913975884e-14
3.7,2.55,0.0,1.8,0.34,1.1168120855188214e-14
3.75,2.5999999999999996,0.0,1.8,0.34,3.598494830451032e-15
3.8000000000000003,2.6500000000000004,0.0,1.8,0.34,1.1350516828386598e-15
3.85,2.7,0.0,1.8,0.34,3.504768716096961e-16
3.9,2.75,0.0,1.8,0.34,1.0593691132290883e-16
3.95,2.8,0.0,1.8,0.34,3.13454810760146e-17
4.0,2.8499999999999996,0.0,1.8,0.34,9.078998675221289e-18
4.050000000000001,2.9000000000000004,0.0,1.8,0.34,2.574140449751398e-18
4.1,2.9499999999999993,0.0,1.8,0.34,7.144204581695701e-19
4.15,3.0,0.0,1.8,0.34,1.9408820618223576e-19
4.2,3.05,0.0,1.8,0.34,5.1613636874310404e-20
4.25,3.0999999999999996,0.0,1.8,0.34,1.343527069507845e-20
4.300000000000001,3.1500000000000004,0.0,1.8,0.34,3.423274808127313e-21
4.35,3.1999999999999993,0.0,1.8,0.34,8.537827450584515e-22
4.4,3.250000000000001,0.0,1.8,0.34,2.0843001741183235e-22
4.45,3.3000000000000007,0.0,1.8,0.34,4.9805531607988844e-23
4.5,3.3500000000000005,0.0,1.8,0.34,1.1649212834905725e-23
4.550000000000001,3.4000000000000012,0.0,1.8,0.34,2.6669485584561076e-24
4.6,3.45,0.0,1.8,0.34,5.976256610918672e-25
4.65,3.500000000000001,0.0,1.8,0.34,1.310804599627161e-25
4.7,3.5500000000000007,0.0,1.8,0.34,2.814093190337396e-26
4.75,3.6000000000000005,0.0,1.8,0.34,5.9132816051991995e-27
4.800000000000001,3.6500000000000012,0.0,1.8,0.34,1.2162030020458147e-27
4.85,3.7,0.0,1.8,0.34,2.4483242865596487e-28
4.9,3.750000000000001,0.0,1.8,0.34,4.8240876006412497e-29
4.95,3.8000000000000007,0.0,1.8,0.34,9.30342573301466e-30
5.0,3.8500000000000005,0.0,1.8,0.34,1.7561039880759436e-30
5.050000000000001,3.9000000000000012,0.0,1.8,0.34,3.2444076351926e-31
5.1,3.95,0.0,1.8,0.34,5.86673866511033e-32
5.15,4.000000000000001,0.0,1.8,0.34,1.038323218520156e-32
1.15,-1.1102230246251565e-16,2.5,0.35,0.4675,0.17500000000000002
1.2,0.04999999999999993,2.5,0.35,0.4675,0.16009475326556452
1.25,0.09999999999999998,2.5,0.35,0.4675,0.14535887118395352
1.2999999999999998,0.1499999999999998,2.5,0.35,0.4675,0.13095596693039485
1.3499999999999999,0.19999999999999984,2.5,0.35,0.4675,0.1170384750200303
1.4,0.24999999999999978,2.5,0.35,0.4675,0.10374284721279216
1.45,0.30000000000000004,2.5,0.35,0.4675,0.0911856218610876
1.5,0.34999999999999987,2.5,0.35,0.4675,0.07946055050764761
1.5499999999999998,0.3999999999999997,2.5,0.35,0.4675,0.06863688737337277
1.5999999999999999,0.44999999999999996,2.5,0.35,0.4675,0.05875886497827091
1.65,0.4999999999999998,2.5,0.35,0.4675,0.04984629995197826
1.7,0.55,2.5,0.35,0.4675,0.041896203789438174
1.75,0.5999999999999999,2.5,0.35,0.4675,0.03488521913094268
1.7999999999999998,0.6499999999999997,2.5,0.35,0.4675,0.028772666441287887
1.85,0.7,2.5,0.35,0.4675,0.02350396999139659
1.9,0.7499999999999998,2.5,0.35,0.4675,0.01901423505003489
1.95,0.8,2.5,0.35,0.4675,0.015231767693569482
2.0,0.8499999999999999,2.5,0.35,0.4675,0.012081360899022689
2.05,0.8999999999999997,2.5,0.35,0.4675,0.009487211153119561
2.1,0.95,2.5,0.35,0.4675,0.007375374093057989
2.15,0.9999999999999998,2.5,0.35,0.4675,0.005675711448785825
2.2,1.05,2.5,0.35,0.4675,0.004323321269718464
2.25,1.0999999999999999,2.5,0.35,0.4675,0.0032594765502955048
2.3,1.1499999999999997,2.5,0.35,0.4675,0.0024321224378514765
2.35,1.2,2.5,0.35,0.4675,0.0017959987470029038
2.4,1.2499999999999998,2.5,0.35,0.4675,0.0013124629165096016
2.45,1.3,2.5,0.35,0.4675,0.0009490898767223232
2.5,1.3499999999999999,2.5,0.35,0.4675,0.0006791210054904773
2.55,1.3999999999999997,2.5,0.35,0.4675,0.00048082606840350195
2.6,1.45,2.5,0.35,0.4675,0.00033683136894558724
2.65,1.4999999999999998,2.5,0.35,0.4675,0.0002334557010165972
2.7,1.55,2.5,0.35,0.4675,0.00016008425255394117
2.75,1.5999999999999999,2.5,0.35,0.4675,0.00010860019153575356
2.8,1.6499999999999997,2.5,0.35,0.4675,7.288479819656772e-05
2.85,1.7,2.5,0.35,0.4675,4.838993523667027e-05
2.9,1.7499999999999998,2.5,0.35,0.4675,3.1781392656916726e-05
2.95,1.8,2.5,0.35,0.4675,2.064806563573214e-05
3.0,1.8499999999999999,2.5,0.35,0.4675,1.3269782162164807e-05
3.05,1.8999999999999997,2.5,0.35,0.4675,8.435604192625059e-06
3.1,1.95,2.5,0.35,0.4675,5.3042884762969396e-06
3.15,1.9999999999999998,2.5,0.35,0.4675,3.299040885570469e-06
3.2,2.05,2.5,0.35,0.4675,2.0295018213425007e-06
3.25,2.0999999999999996,2.5,0.35,0.4675,1.234878966214002e-06
3.3,2.1499999999999995,2.5,0.35,0.4675,7.431645392166008e-07
3.35,2.2,2.5,0.35,0.4675,4.423479643446535e-07
3.4,2.25,2.5,0.35,0.4675,2.6040826053143655e-07
3.45,2.3,2.5,0.35,0.4675,1.5161797612555264e-07
3.5,2.3499999999999996,2.5,0.35,0.4675,8.73063271008937e-08
3.5500000000000003,2.4000000000000004,2.5,0.35,0.4675,4.972032957398154e-08
3.6,2.45,2.5,0.35,0.4675,2.8003350383200917e-08
3.65,2.5,2.5,0.35,0.4675,1.559798256167007e-08
3.7,2.55,2.5,0.35,0.4675,8.592198138325005e-09
3.75,2.5999999999999996,2.5,0.35,0.4675,4.680721116746814e-09
3.8000000000000003,2.6500000000000004,2.5,0.35,0.4675,2.5216761663995545e-09
3.85,2.7,2.5,0.35,0.4675,1.3434749434671313e-09
3.9,2.75,2.5,0.35,0.4675,7.078306756650699e-10
3.95,2.8,2.5,0.35,0.4675,3.687947828917499e-10
4.0,2.8499999999999996,2.5,0.35,0.4675,1.9001677417210438e-10
4.050000000000001,2.9000000000000004,2.5,0.35,0.4675,9.681602913699588e-11
4.1,2.9499999999999993,2.5,0.35,0.4675,4.8780614932747306e-11
4.15,3.0,2.5,0.35,0.4675,2.4304608435980897e-11
4.2,3.05,2.5,0.35,0.4675,1.1974796848810181e-11
4.25,3.0999999999999996,2.5,0.35,0.4675,5.834219907723679e-12
4.300000000000001,3.1500000000000004,2.5,0.35,0.4675,2.810797914319145e-12
4.35,3.1999999999999993,2.5,0.35,0.4675,1.339077859088149e-12
4.4,3.250000000000001,2.5,0.35,0.4675,6.308247428574181e-13
4.45,3.3000000000000007,2.5,0.35,0.4675,2.93856772511322e-13
4.5,3.3500000000000005,2.5,0.35,0.4675,1.3535811493834486e-13
4.550000000000001,3.4000000000000012,2.5,0.35,0.4675,6.165270114362049e-14
4.6,3.45,2.5,0.35,0.4675,2.7767503777451004e-14
4.65,3.500000000000001,2.5,0.35,0.4675,1.2366200366804875e-14
4.7,3.5500000000000007,2.5,0.35,0.4675,5.445632115330003e-15
4.75,3.6000000000000005,2.5,0.35,0.4675,2.371214544172155e-15
4.800000000000001,3.6500000000000012,2.5,0.35,0.4675,1.0209440891871816e-15
4.85,3.7,2.5,0.35,0.4675,4.3465003989875223e-16
4.9,3.750000000000001,2.5,0.35,0.4675,1.829710206539131e-16
4.95,3.8000000000000007,2.5,0.35,0.4675,7.616017815697396e-17
5.0,3.8500000000000005,2.5,0.35,0.4675,3.1345481076014386e-17
5.050000000000001,3.9000000000000012,2.5,0.35,0.4675,1.2756209078131343e-17
5.1,3.95,2.5,0.35,0.4675,5.132942853945449e-18
5.15,4.000000000000001,2.5,0.35,0.4675,2.0422448285242564e-18
1.15,-1.1102230246251565e-16,2.5,0.75,0.48750000000000004,0.17500000000000002
1.2,0.04999999999999993,2.5,0.75,0.48750000000000004,0.1607040635454596
1.25,0.09999999999999998,2.5,0.75,0.48750000000000004,0.14655759307936975
1.2999999999999998,0.1499999999999998,2.5,0.75,0.48750000000000004,0.13270538286710087
1.3499999999999999,0.19999999999999984,2.5,0.75,0.48750000000000004,0.11928312624778968
1.4,0.24999999999999978,2.5,0.75,0.48750000000000004,0.10641345390653656
1.45,0.30000000000000004,2.5,0.75,0.48750000000000004,0.0942026310782765
1.5,0.34999999999999987,2.5,0.75,0.48750000000000004,0.08273805878153698
1.5499999999999998,0.3999999999999997,2.5,0.75,0.48750000000000004,0.07208666914052839
1.5999999999999999,0.44999999999999996,2.5,0.75,0.48750000000000004,0.06229424595340297
1.65,0.4999999999999998,2.5,0.75,0.48750000000000004,0.0533856438537718
1.7,0.55,2.5,0.75,0.48750000000000004,0.04536582726793234
1.75,0.5999999999999999,2.5,0.75,0.48750000000000004,0.03822160765836731
1.7999999999999998,0.6499999999999997,2.5,0.75,0.48750000000000004,0.031923926904053816
1.85,0.7,2.5,0.75,0.48750000000000004,0.026430517440452207
1.9,0.7499999999999998,2.5,0.75,0.48750000000000004,0.02168876599272996
1.95,0.8,2.5,0.75,0.48750000000000004,0.017638616223871587
2.0,0.8499999999999999,2.5,0.75,0.48750000000000004,0.014215364278653976
2.05,0.8999999999999997,2.5,0.75,0.48750000000000004,0.011352227298992872
2.1,0.95,2.5,0.75,0.48750000000000004,0.008982595493886546
2.15,0.9999999999999998,2.5,0.75,0.48750000000000004,0.007041910289073454
2.2,1.05,2.5,0.75,0.48750000000000004,0.005469141799964289
2.25,1.0999999999999999,2.5,0.75,0.48750000000000004,0.004207866233439406
2.3,1.1499999999999997,2.5,0.75,0.48750000000000004,0.0032069663379767164
2.35,1.2,2.5,0.75,0.48750000000000004,0.0024209948674990696
2.4,1.2499999999999998,2.5,0.75,0.48750000000000004,0.001810252010524669
2.45,1.3,2.5,0.75,0.48750000000000004,0.001340633198656409
2.5,1.3499999999999999,2.5,0.75,0.48750000000000004,0.0009833043760468418
2.55,1.3999999999999997,2.5,0.75,0.48750000000000004,0.0007142586583204902
2.6,1.45,2.5,0.75,0.48750000000000004,0.0005138024131895857
2.65,1.4999999999999998,2.5,0.75,0.48750000000000004,0.0003660112155835665
2.7,1.55,2.5,0.75,0.48750000000000004,0.0002581878174774774
2.75,1.5999999999999999,2.5,0.75,0.48750000000000004,0.0001803460069469322
2.8,1.6499999999999997,2.5,0.75,0.48750000000000004,0.00012473659418317387
2.85,1.7,2.5,0.75,0.48750000000000004,8.542513593969014e-05
2.9,1.7499999999999998,2.5,0.75,0.48750000000000004,5.7925593818009825e-05
2.95,1.8,2.5,0.75,0.48750000000000004,3.888996475800641e-05
3.0,1.8499999999999999,2.5,0.75,0.48750000000000004,2.585095938560253e-05
3.05,1.8999999999999997,2.5,0.75,0.48750000000000004,1.701289514212758e-05
3.1,1.95,2.5,0.75,0.48750000000000004,1.1084934641592015e-05
3.15,1.9999999999999998,2.5,0.75,0.48750000000000004,7.150440492614213e-06
3.2,2.05,2.5,0.75,0.48750000000000004,4.566348559514474e-06
3.25,2.0999999999999996,2.5,0.75,0.48750000000000004,2.8869163858259726e-06
3.3,2.1499999999999995,2.5,0.75,0.48750000000000004,1.8068450812395294e-06
3.35,2.2,2.5,0.75,0.48750000000000004,1.1194952421933297e-06
3.4,2.25,2.5,0.75,0.48750000000000004,6.866439788836685e-07
3.45,2.3,2.5,0.75,0.48750000000000004,4.169104165082937e-07
3.5,2.3499999999999996,2.5,0.75,0.48750000000000004,2.505818940083157e-07
3.5500000000000003,2.4000000000000004,2.5,0.75,0.48750000000000004,1.4908940297328993e-07
3.6,2.45,2.5,0.75,0.48750000000000004,8.78068946358386e-08
3.65,2.5,2.5,0.75,0.48750000000000004,5.119058342519654e-08
3.7,2.55,2.5,0.75,0.48750000000000004,2.9541072853851033e-08
3.75,2.5999999999999996,2.5,0.75,0.48750000000000004,1.687456177789953e-08
3.8000000000000003,2.6500000000000004,2.5,0.75,0.48750000000000004,9.541229529894997e-09
3.85,2.7,2.5,0.75,0.48750000000000004,5.33995419581533e-09
3.9,2.75,2.5,0.75,0.48750000000000004,2.9582032167716248e-09
3.95,2.8,2.5,0.75,0.48750000000000004,1.622078543849081e-09
4.0,2.8499999999999996,2.5,0.75,0.48750000000000004,8.803704196674469e-10
4.050000000000001,2.9000000000000004,2.5,0.75,0.48750000000000004,4.729390098176643e-10
4.1,2.9499999999999993,2.5,0.75,0.48750000000000004,2.5147080084507233e-10
4.15,3.0,2.5,0.75,0.48750000000000004,1.3234558685451036e-10
4.2,3.05,2.5,0.75,0.48750000000000004,6.89394337430041e-11
4.25,3.0999999999999996,2.5,0.75,0.48750000000000004,3.554342817379976e-11
4.300000000000001,3.1500000000000004,2.5,0.75,0.48750000000000004,1.8137665793243128e-11
4.35,3.1999999999999993,2.5,0.75,0.48750000000000004,9.160753562095005e-12
4.4,3.250000000000001,2.5,0.75,0.48750000000000004,4.579373640118548e-12
4.45,3.3000000000000007,2.5,0.75,0.48750000000000004,2.2657056661563002e-12
4.5,3.3500000000000005,2.5,0.75,0.48750000000000004,1.1094838571351584e-12
4.550000000000001,3.4000000000000012,2.5,0.75,0.48750000000000004,5.377200368137672e-13
4.6,3.45,2.5,0.75,0.48750000000000004,2.5793300938222886e-13
4.65,3.500000000000001,2.5,0.75,0.48750000000000004,1.2245342244393734e-13
4.7,3.5500000000000007,2.5,0.75,0.48750000000000004,5.753685661622301e-14
4.75,3.6000000000000005,2.5,0.75,0.48750000000000004,2.6756574881051087e-14
4.800000000000001,3.6500000000000012,2.5,0.75,0.48750000000000004,1.2314651992118985e-14
4.85,3.7,2.5,0.75,0.48750000000000004,5.6094351472012374e-15
4.9,3.750000000000001,2.5,0.75,0.48750000000000004,2.5288302297742683e-15
4.95,3.8000000000000007,2.5,0.75,0.48750000000000004,1.1282933496908243e-15
5.0,3.8500000000000005,2.5,0.75,0.48750000000000004,4.982238457908125e-16
5.050000000000001,3.9000000000000012,2.5,0.75,0.48750000000000004,2.177336200995092e-16
5.1,3.95,2.5,0.75,0.48750000000000004,9.417235032707341e-17
5.15,4.000000000000001,2.5,0.75,0.48750000000000004,4.0310366049881695e-17
1.15,-1.1102230246251565e-16,2.5,1.2,0.51,0.17500000000000002
1.2,0.04999999999999993,2.5,1.2,0.51,0.16133270190282287
1.25,0.09999999999999998,2.5,1.2,0.51,0.14779603612159387
1.2999999999999998,0.1499999999999998,2.5,1.2,0.51,0.13451690114814158
1.3499999999999999,0.19999999999999984,2.5,1.2,0.51,0.12161490513167973
1.4,0.24999999999999978,2.5,1.2,0.51,0.10919915222154417
1.45,0.30000000000000004,2.5,1.2,0.51,0.09736551482470865
1.5,0.34999999999999987,2.5,1.2,0.51,0.08619450347021759
1.5499999999999998,0.3999999999999997,2.5,1.2,0.51,0.07574980834534072
1.5999999999999999,0.44999999999999996,2.5,1.2,0.51,0.06607754570799355
1.65,0.4999999999999998,2.5,1.2,0.51,0.057206201461765645
1.7,0.55,2.5,1.2,0.51,0.049147226221374934
1.75,0.5999999999999999,2.5,1.2,0.51,0.04189620378943819
1.7999999999999998,0.6499999999999997,2.5,1.2,0.51,0.03543449006701327
1.85,0.7,2.5,1.2,0.51,0.029731203220961854
1.9,0.7499999999999998,2.5,1.2,0.51,0.0247454388101573
1.95,0.8,2.5,1.2,0.51,0.020428585137681123
2.0,0.8499999999999999,2.5,1.2,0.51,0.01672662329548517
2.05,0.8999999999999997,2.5,1.2,0.51,0.01358231165509795
2.1,0.95,2.5,1.2,0.51,0.0109371740868451
2.15,0.9999999999999998,2.5,1.2,0.51,0.008733233015826071
2.2,1.05,2.5,1.2,0.51,0.006914450686073359
2.25,1.0999999999999999,2.5,1.2,0.51,0.005427863081676991
2.3,1.1499999999999997,2.5,1.2,0.51,0.00422440956439905
2.35,1.2,2.5,1.2,0.51,0.0032594765502955004
2.4,1.2499999999999998,2.5,1.2,0.51,0.002493184991557406
2.45,1.3,2.5,1.2,0.51,0.0018904589617220325
2.5,1.3499999999999999,2.5,1.2,0.51,0.001420916488381452
2.55,1.3999999999999997,2.5,1.2,0.51,0.0010586244021642275
2.6,1.45,2.5,1.2,0.51,0.0007817569911487071
2.65,1.4999999999999998,2.5,1.2,0.51,0.0005721943522213971
2.7,1.55,2.5,1.2,0.51,0.00041509119830080284
2.75,1.5999999999999999,2.5,1.2,0.51,0.0002984411362741234
2.8,1.6499999999999997,2.5,1.2,0.51,0.00021265560039692807
2.85,1.7,2.5,1.2,0.51,0.00015017111661889338
2.9,1.7499999999999998,2.5,1.2,0.51,0.00010509366809623142
2.95,1.8,2.5,1.2,0.51,7.288479819656759e-05
3.0,1.8499999999999999,2.5,1.2,0.51,5.0090791668137976e-05
3.05,1.8999999999999997,2.5,1.2,0.51,3.411380515871316e-05
3.1,1.95,2.5,1.2,0.51,2.3022105875794647e-05
3.15,1.9999999999999998,2.5,1.2,0.51,1.539551725264088e-05
3.2,2.05,2.5,1.2,0.51,1.0201641317765423e-05
3.25,2.0999999999999996,2.5,1.2,0.51,6.6983049614128595e-06
3.3,2.1499999999999995,2.5,1.2,0.51,4.35784555145595e-06
3.35,2.2,2.5,1.2,0.51,2.80920936510187e-06
3.4,2.25,2.5,1.2,0.51,1.7943013019707612e-06
3.45,2.3,2.5,1.2,0.51,1.1355325179364983e-06
3.5,2.3499999999999996,2.5,1.2,0.51,7.120179745353309e-07
3.5500000000000003,2.4000000000000004,2.5,1.2,0.51,4.423479643446509e-07
3.6,2.45,2.5,1.2,0.51,2.722786426624014e-07
3.65,2.5,2.5,1.2,0.51,1.6604836637886313e-07
3.7,2.55,2.5,1.2,0.51,1.0032805015771807e-07
3.75,2.5999999999999996,2.5,1.2,0.51,6.005820327198178e-08
3.8000000000000003,2.6500000000000004,2.5,1.2,0.51,3.561887239757462e-08
3.85,2.7,2.5,1.2,0.51,2.0928674670438347e-08
3.9,2.75,2.5,1.2,0.51,1.2182966787883773e-08
3.95,2.8,2.5,1.2,0.51,7.0260361825134625e-09
4.0,2.8499999999999996,2.5,1.2,0.51,4.014302265520207e-09
4.050000000000001,2.9000000000000004,2.5,1.2,0.51,2.272211000733094e-09
4.1,2.9499999999999993,2.5,1.2,0.51,1.2741566424796654e-09
4.15,3.0,2.5,1.2,0.51,7.078306756650699e-10
4.2,3.05,2.5,1.2,0.51,3.895518549571899e-10
4.25,3.0999999999999996,2.5,1.2,0.51,2.123868302529727e-10
4.300000000000001,3.1500000000000004,2.5,1.2,0.51,1.1471322465197909e-10
4.35,3.1999999999999993,2.5,1.2,0.51,6.13790681799566e-11
4.4,3.250000000000001,2.5,1.2,0.51,3.2534594446293815e-11
4.45,3.3000000000000007,2.5,1.2,0.51,1.7083872218789243e-11
4.5,3.3500000000000005,2.5,1.2,0.51,8.886702551324613e-12
4.550000000000001,3.4000000000000012,2.5,1.2,0.51,4.579373640118513e-12
4.6,3.45,2.5,1.2,0.51,2.3376549217079818e-12
4.65,3.500000000000001,2.5,1.2,0.51,1.1821197508645137e-12
4.7,3.5500000000000007,2.5,1.2,0.51,5.921711368574414e-13
4.75,3.6000000000000005,2.5,1.2,0.51,2.93856772511322e-13
4.800000000000001,3.6500000000000012,2.5,1.2,0.51,1.4445246853226368e-13
4.85,3.7,2.5,1.2,0.51,7.034175216052992e-14
4.9,3.750000000000001,2.5,1.2,0.51,3.393114913975847e-14
4.95,3.8000000000000007,2.5,1.2,0.51,1.621359830409598e-14
5.0,3.8500000000000005,2.5,1.2,0.51,7.674569929045456e-15
5.050000000000001,3.9000000000000012,2.5,1.2,0.51,3.598494830450927e-15
5.1,3.95,2.5,1.2,0.51,1.6713921921647415e-15
5.15,4.000000000000001,2.5,1.2,0.51,7.689976468583222e-16
1.15,-1.1102230246251565e-16,2.5,1.8,0.54,0.17500000000000002
1.2,0.04999999999999993,2.5,1.8,0.54,0.1620897650263898
1.25,0.09999999999999998,2.5,1.8,0.54,0.14928966301058802
1.2999999999999998,0.1499999999999998,2.5,1.8,0.54,0.13670701640175129
1.3499999999999999,0.19999999999999984,2.5,1.8,0.54,0.12444364582909072
1.4,0.24999999999999978,2.5,1.8,0.54,0.11259341012790941
1.45,0.30000000000000004,2.5,1.8,0.54,0.1012400762638902
1.5,0.34999999999999987,2.5,1.8,0.54,0.09045559863770324
1.5499999999999998,0.3999999999999997,2.5,1.8,0.54,0.08029886408765687
1.5999999999999999,0.44999999999999996,2.5,1.8,0.54,0.07081493333727508
1.65,0.4999999999999998,2.5,1.8,0.54,0.06203478345282963
1.7,0.55,2.5,1.8,0.54,0.05397553084177298
1.75,0.5999999999999999,2.5,1.8,0.54,0.046641092015876934
1.7999999999999998,0.6499999999999997,2.5,1.8,0.54,0.04002322104321323
1.85,0.7,2.5,1.8,0.54,0.03410284921801348
1.9,0.7499999999999998,2.5,1.8,0.54,0.02885164445588411
1.95,0.8,2.5,1.8,0.54,0.024233705311693603
2.0,0.8499999999999999,2.5,1.8,0.54,0.020207306960872203
2.05,0.8999999999999997,2.5,1.8,0.54,0.01672662329548517
2.1,0.95,2.5,1.8,0.54,0.013743359538559296
2.15,0.9999999999999998,2.5,1.8,0.54,0.011208242409252545
2.2,1.05,2.5,1.8,0.54,0.009072328775245051
2.25,1.0999999999999999,2.5,1.8,0.54,0.007288107858857594
2.3,1.1499999999999997,2.5,1.8,0.54,0.0058103855006269925
2.35,1.2,2.5,1.8,0.54,0.004596950991857398
2.4,1.2499999999999998,2.5,1.8,0.54,0.0036090370423263987
2.45,1.3,2.5,1.8,0.54,0.0028115912473590057
2.5,1.3499999999999999,2.5,1.8,0.54,0.002173382864021651
2.55,1.3999999999999997,2.5,1.8,0.54,0.001666971882934151
2.6,1.45,2.5,1.8,0.54,0.0012685685151032908
2.65,1.4999999999999998,2.5,1.8,0.54,0.0009578106251854533
2.7,1.55,2.5,1.8,0.54,0.0007174847112931243
2.75,1.5999999999999999,2.5,1.8,0.54,0.0005332131496999502
2.8,1.6499999999999997,2.5,1.8,0.54,0.00039312696587613357
2.85,1.7,2.5,1.8,0.54,0.00028753969450940643
2.9,1.7499999999999998,2.5,1.8,0.54,0.000208634226096527
2.95,1.8,2.5,1.8,0.54,0.00015017111661889338
3.0,1.8499999999999999,2.5,1.8,0.54,0.000107223804293243
3.05,1.8999999999999997,2.5,1.8,0.54,7.59436172079155e-05
3.1,1.95,2.5,1.8,0.54,5.335539955743856e-05
3.15,1.9999999999999998,2.5,1.8,0.54,3.7183022607435285e-05
3.2,2.05,2.5,1.8,0.54,2.5702939920631702e-05
3.25,2.0999999999999996,2.5,1.8,0.54,1.76232360243748e-05
3.3,2.1499999999999995,2.5,1.8,0.54,1.1985235115394672e-05
3.35,2.2,2.5,1.8,0.54,8.08461097102056e-06
3.4,2.25,2.5,1.8,0.54,5.409003908803628e-06
3.45,2.3,2.5,1.8,0.54,3.589345672596419e-06
3.5,2.3499999999999996,2.5,1.8,0.54,2.3623682101309764e-06
3.5500000000000003,2.4000000000000004,2.5,1.8,0.54,1.5420872959062173e-06
3.6,2.45,2.5,1.8,0.54,9.983765827313816e-07
3.65,2.5,2.5,1.8,0.54,6.410606060190908e-07
3.7,2.55,2.5,1.8,0.54,4.0824277405475376e-07
3.75,2.5999999999999996,2.5,1.8,0.54,2.578388020728162e-07
3.8000000000000003,2.6500000000000004,2.5,1.8,0.54,1.6150435057435286e-07
3.85,2.7,2.5,1.8,0.54,1.0032805015771807e-07
3.9,2.75,2.5,1.8,0.54,6.181002191769676e-08
3.95,2.8,2.5,1.8,0.54,3.776505742648586e-08
4.0,2.8499999999999996,2.5,1.8,0.54,2.2882982481828347e-08
4.050000000000001,2.9000000000000004,2.5,1.8,0.54,1.3750642150525736e-08
4.1,2.9499999999999993,2.5,1.8,0.54,8.194415662320107e-09
4.15,3.0,2.5,1.8,0.54,4.842778135219096e-09
4.2,3.05,2.5,1.8,0.54,2.8382442676402337e-09
4.25,3.0999999999999996,2.5,1.8,0.54,1.64960793529198e-09
4.300000000000001,3.1500000000000004,2.5,1.8,0.54,9.507903079808407e-10
4.35,3.1999999999999993,2.5,1.8,0.54,5.434494740808734e-10
4.4,3.250000000000001,2.5,1.8,0.54,3.0803601417994745e-10
4.45,3.3000000000000007,2.5,1.8,0.54,1.7314473397149116e-10
4.5,3.3500000000000005,2.5,1.8,0.54,9.65117555082373e-11
4.550000000000001,3.4000000000000012,2.5,1.8,0.54,5.3347249404445576e-11
4.6,3.45,2.5,1.8,0.54,2.924169707787423e-11
4.65,3.500000000000001,2.5,1.8,0.54,1.589460561019643e-11
4.7,3.5500000000000007,2.5,1.8,0.54,8.56744984338586e-12
4.75,3.6000000000000005,2.5,1.8,0.54,4.579373640118548e-12
4.800000000000001,3.6500000000000012,2.5,1.8,0.54,2.4272327105557094e-12
4.85,3.7,2.5,1.8,0.54,1.2757505883117284e-12
4.9,3.750000000000001,2.5,1.8,0.54,6.649169796421304e-13
4.95,3.8000000000000007,2.5,1.8,0.54,3.436486760906558e-13
5.0,3.8500000000000005,2.5,1.8,0.54,1.7611887798625978e-13
5.050000000000001,3.9000000000000012,2.5,1.8,0.54,8.950340561574449e-14
5.1,3.95,2.5,1.8,0.54,4.5103901680638046e-14
5.15,4.000000000000001,2.5,1.8,0.54,2.253866034785078e-14
1.15,-1.1102230246251565e-16,5.0,0.35,0.6675,0.17500000000000002
1.2,0.04999999999999993,5.0,0.35,0.6675,0.16455061185955394
1.25,0.09999999999999998,5.0,0.35,0.6675,0.1541596634202621
1.2999999999999998,0.1499999999999998,5.0,0.35,0.6675,0.14388461571400168
1.3499999999999999,0.19999999999999984,5.0,0.35,0.6675,0.13378099969894885
1.4,0.24999999999999978,5.0,0.35,0.6675,0.12390151832343675
1.45,0.30000000000000004,5.0,0.35,0.6675,0.11429522619169717
1.5,0.34999999999999987,5.0,0.35,0.6675,0.1050068079896972
1.5499999999999998,0.3999999999999997,5.0,0.35,0.6675,0.09607597309470205
1.5999999999999999,0.44999999999999996,5.0,0.35,0.6675,0.08753697947961456
1.65,0.4999999999999998,5.0,0.35,0.6675,0.07941829533777477
1.7,0.55,5.0,0.35,0.6675,0.07174240201315049
1.75,0.5999999999999999,5.0,0.35,0.6675,0.06452573704198453
1.7999999999999998,0.6499999999999997,5.0,0.35,0.6675,0.05777877160030888
1.85,0.7,5.0,0.35,0.6675,0.051506212590055826
1.9,0.7499999999999998,5.0,0.35,0.6675,0.04570731613616462
1.95,0.8,5.0,0.35,0.6675,0.04037629652164971
2.0,0.8499999999999999,5.0,0.35,0.6675,0.03550281262889928
2.05,0.8999999999999997,5.0,0.35,0.6675,0.03107251281248335
2.1,0.95,5.0,0.35,0.6675,0.027067618789034485
2.15,0.9999999999999998,5.0,0.35,0.6675,0.023467529543248627
2.2,1.05,5.0,0.35,0.6675,0.020249427333712013
2.25,1.0999999999999999,5.0,0.35,0.6675,0.017388869531227532
2.3,1.1499999999999997,5.0,0.35,0.6675,0.014860352111754559
2.35,1.2,5.0,0.35,0.6675,0.012637833023396498
2.4,1.2499999999999998,5.0,0.35,0.6675,0.010695206218546914
2.45,1.3,5.0,0.35,0.6675,0.00900671976102651
2.5,1.3499999999999999,5.0,0.35,0.6675,0.0075473339686810545
2.55,1.3999999999999997,5.0,0.35,0.6675,0.006293017936131253
2.6,1.45,5.0,0.35,0.6675,0.005220984921736227
2.65,1.4999999999999998,5.0,0.35,0.6675,0.004309868920395018
2.7,1.55,5.0,0.35,0.6675,0.0035398462442435444
2.75,1.5999999999999999,5.0,0.35,0.6675,0.002892707081822873
2.8,1.6499999999999997,5.0,0.35,0.6675,0.002351882806537585
2.85,1.7,5.0,0.35,0.6675,0.0019024352764058174
2.9,1.7499999999999998,5.0,0.35,0.6675,0.0015310145406958495
2.95,1.8,5.0,0.35,0.6675,0.001225791285283162
3.0,1.8499999999999999,5.0,0.35,0.6675,0.0009763700529950648
3.05,1.8999999999999997,5.0,0.35,0.6675,0.0007736888155169473
3.1,1.95,5.0,0.35,0.6675,0.0006099098966480778
3.15,1.9999999999999998,5.0,0.35,0.6675,0.0004783065969337569
3.2,2.05,5.0,0.35,0.6675,0.000373149186460781
3.25,2.0999999999999996,5.0,0.35,0.6675,0.0002895932496122217
3.3,2.1499999999999995,5.0,0.35,0.6675,0.000223572710178822
3.35,2.2,5.0,0.35,0.6675,0.0001716992582292064
3.4,2.25,5.0,0.35,0.6675,0.00013116935606765368
3.45,2.3,5.0,0.35,0.6675,9.967952821837975e-05
3.5,2.3499999999999996,5.0,0.35,0.6675,7.53502434173717e-05
3.5500000000000003,2.4000000000000004,5.0,0.35,0.6675,5.665837466359922e-05
3.6,2.45,5.0,0.35,0.6675,4.2377972832230216e-05
3.65,2.5,5.0,0.35,0.6675,3.152890417541962e-05
3.7,2.55,5.0,0.35,0.6675,2.3332774683537086e-05
3.75,2.5999999999999996,5.0,0.35,0.6675,1.7175486381894295e-05
3.8000000000000003,2.6500000000000004,5.0,0.35,0.6675,1.2575733602678168e-05
3.85,2.7,5.0,0.35,0.6675,9.158742754270499e-06
3.9,2.75,5.0,0.35,0.6675,6.634579359961568e-06
3.95,2.8,5.0,0.35,0.6675,4.780384229717983e-06
4.0,2.8499999999999996,5.0,0.35,0.6675,3.4259505919390727e-06
4.050000000000001,2.9000000000000004,5.0,0.35,0.6675,2.442110879244747e-06
4.1,2.9499999999999993,5.0,0.35,0.6675,1.7314616500088372e-06
4.15,3.0,5.0,0.35,0.6675,1.2210147716109443e-06
4.2,3.05,5.0,0.35,0.6675,8.564202510404258e-07
4.25,3.0999999999999996,5.0,0.35,0.6675,5.974594411539271e-07
4.300000000000001,3.1500000000000004,5.0,0.35,0.6675,4.14555832694853e-07
4.35,3.1999999999999993,5.0,0.35,0.6675,2.860937897801319e-07
4.4,3.250000000000001,5.0,0.35,0.6675,1.963732874942467e-07
4.45,3.3000000000000007,5.0,0.35,0.6675,1.3406111552825304e-07
4.5,3.3500000000000005,5.0,0.35,0.6675,9.102645282320151e-08
4.550000000000001,3.4000000000000012,5.0,0.35,0.6675,6.147163830317165e-08
4.6,3.45,5.0,0.35,0.6675,4.1287863437440866e-08
4.65,3.500000000000001,5.0,0.35,0.6675,2.7580912170972706e-08
4.7,3.5500000000000007,5.0,0.35,0.6675,1.8324479127156136e-08
4.75,3.6000000000000005,5.0,0.35,0.6675,1.210848237231133e-08
4.800000000000001,3.6500000000000012,5.0,0.35,0.6675,7.957582919828064e-09
4.85,3.7,5.0,0.35,0.6675,5.201210045978945e-09
4.9,3.750000000000001,5.0,0.35,0.6675,3.381098352194566e-09
4.95,3.8000000000000007,5.0,0.35,0.6675,2.185948309738033e-09
5.0,3.8500000000000005,5.0,0.35,0.6675,1.4055593064322555e-09
5.050000000000001,3.9000000000000012,5.0,0.35,0.6675,8.988438301216192e-10
5.1,3.95,5.0,0.35,0.6675,5.716677727312888e-10
5.15,4.000000000000001,5.0,0.35,0.6675,3.6159818745329734e-10
1.15,-1.1102230246251565e-16,5.0,0.75,0.6875,0.17500000000000002
1.2,0.04999999999999993,5.0,0.75,0.6875,0.16485405046489357
1.25,0.09999999999999998,5.0,0.75,0.6875,0.1547616002585598
1.2999999999999998,0.1499999999999998,5.0,0.75,0.6875,0.14477530389562604
1.3499999999999999,0.19999999999999984,5.0,0.75,0.6875,0.13494614845765265
1.4,0.24999999999999978,5.0,0.75,0.6875,0.12532267454972396
1.45,0.30000000000000004,5.0,0.75,0.6875,0.11595026062136979
1.5,0.34999999999999987,5.0,0.75,0.6875,0.10687048814723667
1.5499999999999998,0.3999999999999997,5.0,0.75,0.6875,0.09812060227411644
1.5999999999999999,0.44999999999999996,5.0,0.75,0.6875,0.08973307918915041
1.65,0.4999999999999998,5.0,0.75,0.6875,0.08173530780015542
1.7,0.55,5.0,0.75,0.6875,0.07414938950418885
1.75,0.5999999999999999,5.0,0.75,0.6875,0.06699205601737891
1.7999999999999998,0.6499999999999997,5.0,0.75,0.6875,0.06027470160353924
1.85,0.7,5.0,0.75,0.6875,0.054003522712475
1.9,0.7499999999999998,5.0,0.75,0.6875,0.0481797551413435
1.95,0.8,5.0,0.75,0.6875,0.04279999645798622
2.0,0.8499999999999999,5.0,0.75,0.6875,0.0378565996383533
2.05,0.8999999999999997,5.0,0.75,0.6875,0.0333381227045833
2.1,0.95,5.0,0.75,0.6875,0.029229818608994936
2.15,0.9999999999999998,5.0,0.75,0.6875,0.025514149666595844
2.2,1.05,5.0,0.75,0.6875,0.02217131144402259
2.25,1.0999999999999999,5.0,0.75,0.6875,0.019179752094845313
2.3,1.1499999999999997,5.0,0.75,0.6875,0.0165166746034279
2.35,1.2,5.0,0.75,0.6875,0.014158511166057935
2.4,1.2499999999999998,5.0,0.75,0.6875,0.012081360899022689
2.45,1.3,5.0,0.75,0.6875,0.010261384120421654
2.5,1.3499999999999999,5.0,0.75,0.6875,0.008675148513703518
2.55,1.3999999999999997,5.0,0.75,0.6875,0.007299924464236565
2.6,1.45,5.0,0.75,0.6875,0.0061139286967065885
2.65,1.4999999999999998,5.0,0.75,0.6875,0.005096516976667384
2.7,1.55,5.0,0.75,0.6875,0.0042283280357058054
2.75,1.5999999999999999,5.0,0.75,0.6875,0.003491382013534652
2.8,1.6499999999999997,5.0,0.75,0.6875,0.00286913757360865
2.85,1.7,5.0,0.75,0.6875,0.0023465124462984546
2.9,1.7499999999999998,5.0,0.75,0.6875,0.0019098725009202104
2.95,1.8,5.0,0.75,0.6875,0.0015469945692492483
3.0,1.8499999999999999,5.0,0.75,0.6875,0.001247008168911329
3.05,1.8999999999999997,5.0,0.75,0.6875,0.0010003210393112645
3.1,1.95,5.0,0.75,0.6875,0.0007985330410739803
3.15,1.9999999999999998,5.0,0.75,0.6875,0.0006343425174110668
3.2,2.05,5.0,0.75,0.6875,0.0005014487053929218
3.25,2.0999999999999996,5.0,0.75,0.6875,0.0003944532465211557
3.3,2.1499999999999995,5.0,0.75,0.6875,0.00030876330485611945
3.35,2.2,5.0,0.75,0.6875,0.0002404982782705469
3.4,2.25,5.0,0.75,0.6875,0.0001864016004501573
3.45,2.3,5.0,0.75,0.6875,0.00014375868972124232
3.5,2.3499999999999996,5.0,0.75,0.6875,0.00011032171307036186
3.5500000000000003,2.4000000000000004,5.0,0.75,0.6875,8.424150348555659e-05
3.6,2.45,5.0,0.75,0.6875,6.400669647363373e-05
3.65,2.5,5.0,0.75,0.6875,4.838993523667027e-05
3.7,2.55,5.0,0.75,0.6875,3.6400829558402837e-05
3.75,2.5999999999999996,5.0,0.75,0.6875,2.7245235680122314e-05
3.8000000000000003,2.6500000000000004,5.0,0.75,0.6875,2.0290347278679315e-05
3.85,2.7,5.0,0.75,0.6875,1.5035044713131885e-05
3.9,2.75,5.0,0.75,0.6875,1.1084934641591991e-05
3.95,2.8,5.0,0.75,0.6875,8.131518911325266e-06
4.0,2.8499999999999996,5.0,0.75,0.6875,5.934954803422293e-06
4.050000000000001,2.9000000000000004,5.0,0.75,0.6875,4.3099034295558455e-06
4.1,2.9499999999999993,5.0,0.75,0.6875,3.114005207195036e-06
4.15,3.0,5.0,0.75,0.6875,2.2385674810364094e-06
4.2,3.05,5.0,0.75,0.6875,1.6010968097215818e-06
4.25,3.0999999999999996,5.0,0.75,0.6875,1.1393551375703298e-06
4.300000000000001,3.1500000000000004,5.0,0.75,0.6875,8.066635293996708e-07
4.35,3.1999999999999993,5.0,0.75,0.6875,5.682183573914796e-07
4.4,3.250000000000001,5.0,0.75,0.6875,3.9822218921649736e-07
4.45,3.3000000000000007,5.0,0.75,0.6875,2.776648531914571e-07
4.5,3.3500000000000005,5.0,0.75,0.6875,1.926192110303014e-07
4.550000000000001,3.4000000000000012,5.0,0.75,0.6875,1.3294119207160984e-07
4.6,3.45,5.0,0.75,0.6875,9.128489685307517e-08
4.65,3.500000000000001,5.0,0.75,0.6875,6.236140000911069e-08
4.7,3.5500000000000007,5.0,0.75,0.6875,4.238464865888645e-08
4.75,3.6000000000000005,5.0,0.75,0.6875,2.8659949278326417e-08
4.800000000000001,3.6500000000000012,5.0,0.75,0.6875,1.9280340430813984e-08
4.85,3.7,5.0,0.75,0.6875,1.2904014257964945e-08
4.9,3.750000000000001,5.0,0.75,0.6875,8.59219813832491e-09
4.95,3.8000000000000007,5.0,0.75,0.6875,5.691825171719031e-09
5.0,3.8500000000000005,5.0,0.75,0.6875,3.7511565904088105e-09
5.050000000000001,3.9000000000000012,5.0,0.75,0.6875,2.4594829096541465e-09
5.1,3.95,5.0,0.75,0.6875,1.6043016895635952e-09
5.15,4.000000000000001,5.0,0.75,0.6875,1.0410955133750974e-09
1.15,-1.1102230246251565e-16,5.0,1.2,0.71,0.17500000000000002
1.2,0.04999999999999993,5.0,1.2,0.71,0.16517503717209736
1.25,0.09999999999999998,5.0,1.2,0.71,0.15539865895405786
1.2999999999999998,0.1499999999999998,5.0,1.2,0.71,0.1457187303886526
1.3499999999999999,0.19999999999999984,5.0,1.2,0.71,0.1361816951172494
1.4,0.24999999999999978,5.0,1.2,0.71,0.126831908400268
1.45,0.30000000000000004,5.0,1.2,0.71,0.11771102091980268
1.5,0.34999999999999987,5.0,1.2,0.71,0.10885742756599279
1.5499999999999998,0.3999999999999997,5.0,1.2,0.71,0.10030579322694082
1.5999999999999999,0.44999999999999996,5.0,1.2,0.71,0.09208666505824786
1.65,0.4999999999999998,5.0,1.2,0.71,0.08422617791032233
1.7,0.55,5.0,1.2,0.71,0.07674585665552681
1.75,0.5999999999999999,5.0,1.2,0.71,0.06966251620130227
1.7999999999999998,0.6499999999999997,5.0,1.2,0.71,0.06298825711454831
1.85,0.7,5.0,1.2,0.71,0.056730552122818155
1.9,0.7499999999999998,5.0,1.2,0.71,0.05089241639179358
1.95,0.8,5.0,1.2,0.71,0.04547265248120688
2.0,0.8499999999999999,5.0,1.2,0.71,0.04046615930801521
2.05,0.8999999999999997,5.0,1.2,0.71,0.03586429332983455
2.1,0.95,5.0,1.2,0.71,0.03165526951529579
2.15,0.9999999999999998,5.0,1.2,0.71,0.027824589482082284
2.2,1.05,5.0,1.2,0.71,0.024355484429989502
2.25,1.0999999999999999,5.0,1.2,0.71,0.021229361131260876
2.3,1.1499999999999997,5.0,1.2,0.71,0.018426240206722223
2.35,1.2,5.0,1.2,0.71,0.015925177147854325
2.4,1.2499999999999998,5.0,1.2,0.71,0.013704657970753882
2.45,1.3,5.0,1.2,0.71,0.011742962935465208
2.5,1.3499999999999999,5.0,1.2,0.71,0.010018493363132224
2.55,1.3999999999999997,5.0,1.2,0.71,0.008510058168772795
2.6,1.45,5.0,1.2,0.71,0.0071971182418664546
2.65,1.4999999999999998,5.0,1.2,0.71,0.006059988202512986
2.7,1.55,5.0,1.2,0.71,0.005079996300414187
2.75,1.5999999999999999,5.0,1.2,0.71,0.004239604281148319
2.8,1.6499999999999997,5.0,1.2,0.71,0.0035224899038136426
2.85,1.7,5.0,1.2,0.71,0.002913595450955756
2.9,1.7499999999999998,5.0,1.2,0.71,0.0023991460296559266
2.95,1.8,5.0,1.2,0.71,0.0019666417332654127
3.0,1.8499999999999999,5.0,1.2,0.71,0.0016048278340671598
3.05,1.8999999999999997,5.0,1.2,0.71,0.0013036471300158922
3.1,1.95,5.0,1.2,0.71,0.0010541783982351315
3.15,1.9999999999999998,5.0,1.2,0.71,0.0008485646398869898
3.2,2.05,5.0,1.2,0.71,0.0006799344609515028
3.25,2.0999999999999996,5.0,1.2,0.71,0.0005423195456290994
3.3,2.1499999999999995,5.0,1.2,0.71,0.00043057076561013157
3.35,2.2,5.0,1.2,0.71,0.0003402750486448151
3.4,2.25,5.0,1.2,0.71,0.0002676747198338815
3.45,2.3,5.0,1.2,0.71,0.00020959064166463435
3.5,2.3499999999999996,5.0,1.2,0.71,0.00016335012357767466
3.5500000000000003,2.4000000000000004,5.0,1.2,0.71,0.00012672025521484753
3.6,2.45,5.0,1.2,0.71,9.784704313323265e-05
3.65,2.5,5.0,1.2,0.71,7.520049993445353e-05
3.7,2.55,5.0,1.2,0.71,5.7525646735043756e-05
3.75,2.5999999999999996,5.0,1.2,0.71,4.379924242765925e-05
3.8000000000000003,2.6500000000000004,5.0,1.2,0.71,3.319194286403402e-05
3.85,2.7,5.0,1.2,0.71,2.503551579745341e-05
3.9,2.75,5.0,1.2,0.71,1.8794688623071153e-05
3.95,2.8,5.0,1.2,0.71,1.4043181000549278e-05
4.0,2.8499999999999996,5.0,1.2,0.71,1.0443468798996662e-05
4.050000000000001,2.9000000000000004,5.0,1.2,0.71,7.729835215957546e-06
4.1,2.9499999999999993,5.0,1.2,0.71,5.694285538996509e-06
4.15,3.0,5.0,1.2,0.71,4.174930462989372e-06
4.2,3.05,5.0,1.2,0.71,3.0464762779127655e-06
4.25,3.0999999999999996,5.0,1.2,0.71,2.2124962375853093e-06
4.300000000000001,3.1500000000000004,5.0,1.2,0.71,1.5991941305818813e-06
4.35,3.1999999999999993,5.0,1.2,0.71,1.1504070655102411e-06
4.4,3.250000000000001,5.0,1.2,0.71,8.236287120802297e-07
4.45,3.3000000000000007,5.0,1.2,0.71,5.868660015177428e-07
4.5,3.3500000000000005,5.0,1.2,0.71,4.1617115845033784e-07
4.550000000000001,3.4000000000000012,5.0,1.2,0.71,2.9371670845705854e-07
4.6,3.45,5.0,1.2,0.71,2.0630375036445735e-07
4.65,3.500000000000001,5.0,1.2,0.71,1.442133963393959e-07
4.7,3.5500000000000007,5.0,1.2,0.71,1.0032805015771747e-07
4.75,3.6000000000000005,5.0,1.2,0.71,6.946335482163851e-08
4.800000000000001,3.6500000000000012,5.0,1.2,0.71,4.7863465116098573e-08
4.85,3.7,5.0,1.2,0.71,3.2822069098028036e-08
4.9,3.750000000000001,5.0,1.2,0.71,2.2399570847511763e-08
4.95,3.8000000000000007,5.0,1.2,0.71,1.5213316426651574e-08
5.0,3.8500000000000005,5.0,1.2,0.71,1.0282936127548759e-08
5.050000000000001,3.9000000000000012,5.0,1.2,0.71,6.917004248220753e-09
5.1,3.95,5.0,1.2,0.71,4.630472174921612e-09
5.15,4.000000000000001,5.0,1.2,0.71,3.0848748940858375e-09
1.15,-1.1102230246251565e-16,5.0,1.8,0.74,0.17500000000000002
1.2,0.04999999999999993,5.0,1.8,0.74,0.1655727278987738
1.25,0.09999999999999998,5.0,1.8,0.74,0.1561883804486703
1.2999999999999998,0.1499999999999998,5.0,1.8,0.74,0.1468892968517894
1.3499999999999999,0.19999999999999984,5.0,1.8,0.74,0.13771665870022973
1.4,0.24999999999999978,5.0,1.8,0.74,0.1287099439695976
1.45,0.30000000000000004,5.0,1.8,0.74,0.11990641920741327
1.5,0.34999999999999987,5.0,1.8,0.74,0.1113406807598573
1.5499999999999998,0.3999999999999997,5.0,1.8,0.74,0.10304425436054014
1.5999999999999999,0.44999999999999996,5.0,1.8,0.74,0.09504526062289312
1.65,0.4999999999999998,5.0,1.8,0.74,0.08736815200316346
1.7,0.55,5.0,1.8,0.74,0.08003352470971134
1.75,0.5999999999999999,5.0,1.8,0.74,0.0730580069046639
1.7999999999999998,0.6499999999999997,5.0,1.8,0.74,0.06645422245321571
1.85,0.7,5.0,1.8,0.74,0.060230827496729596
1.9,0.7499999999999998,5.0,1.8,0.74,0.054392615323499
1.95,0.8,5.0,1.8,0.74,0.04894068344072166
2.0,0.8499999999999999,5.0,1.8,0.74,0.043872655456014556
2.05,0.8999999999999997,5.0,1.8,0.74,0.039182949386485616
2.1,0.95,5.0,1.8,0.74,0.03486308334396791
2.15,0.9999999999999998,5.0,1.8,0.74,0.030902009198806632
2.2,1.05,5.0,1.8,0.74,0.027286464790997104
2.25,1.0999999999999999,5.0,1.8,0.74,0.0240013355144069
2.3,1.1499999999999997,5.0,1.8,0.74,0.021030016615475742
2.35,1.2,5.0,1.8,0.74,0.018354768282840554
2.4,1.2499999999999998,5.0,1.8,0.74,0.01595705651419684
2.45,1.3,5.0,1.8,0.74,0.013817873783986296
2.5,1.3499999999999999,5.0,1.8,0.74,0.01191803465224785
2.55,1.3999999999999997,5.0,1.8,0.74,0.01023844260482818
2.6,1.45,5.0,1.8,0.74,0.008760325555182203
2.65,1.4999999999999998,5.0,1.8,0.74,0.007465438530167779
2.7,1.55,5.0,1.8,0.74,0.006336233074529671
2.75,1.5999999999999999,5.0,1.8,0.74,0.005355993815855834
2.8,1.6499999999999997,5.0,1.8,0.74,0.00450894341536099
2.85,1.7,5.0,1.8,0.74,0.0037803177785518407
2.9,1.7499999999999998,5.0,1.8,0.74,0.003156413908863194
2.95,1.8,5.0,1.8,0.74,0.0026246131578787457
3.0,1.8499999999999999,5.0,1.8,0.74,0.0021733828640216482
3.05,1.8999999999999997,5.0,1.8,0.74,0.0017922594880305709
3.1,1.95,5.0,1.8,0.74,0.0014718163616773347
3.15,1.9999999999999998,5.0,1.8,0.74,0.001203619081699657
3.2,2.05,5.0,1.8,0.74,0.0009801714206379767
3.25,2.0999999999999996,5.0,1.8,0.74,0.0007948544072743741
3.3,2.1499999999999995,5.0,1.8,0.74,0.0006418609682897269
3.35,2.2,5.0,1.8,0.74,0.000516128235104405
3.4,2.25,5.0,1.8,0.74,0.0004132693196083726
3.45,2.3,5.0,1.8,0.74,0.0003295060617006478
3.5,2.3499999999999996,5.0,1.8,0.74,0.00026160396026891675
3.5500000000000003,2.4000000000000004,5.0,1.8,0.74,0.00020681022535704176
3.6,2.45,5.0,1.8,0.74,0.00016279563863712688
3.65,2.5,5.0,1.8,0.74,0.00012760068584001096
3.7,2.55,5.0,1.8,0.74,9.958623068696155e-05
3.75,2.5999999999999996,5.0,1.8,0.74,7.738883579443228e-05
3.8000000000000003,2.6500000000000004,5.0,1.8,0.74,5.988070144608722e-05
3.85,2.7,5.0,1.8,0.74,4.613408652383055e-05
3.9,2.75,5.0,1.8,0.74,3.53899950289092e-05
3.95,2.8,5.0,1.8,0.74,2.703085379226273e-05
4.0,2.8499999999999996,5.0,1.8,0.74,2.0556869186492696e-05
4.050000000000001,2.9000000000000004,5.0,1.8,0.74,1.5565729833076157e-05
4.1,2.9499999999999993,5.0,1.8,0.74,1.173531542109182e-05
4.15,3.0,5.0,1.8,0.74,8.80907595204931e-06
4.2,3.05,5.0,1.8,0.74,6.583758373862026e-06
4.25,3.0999999999999996,5.0,1.8,0.74,4.899176331074657e-06
4.300000000000001,3.1500000000000004,5.0,1.8,0.74,3.6297416214634463e-06
4.35,3.1999999999999993,5.0,1.8,0.74,2.6775012186885287e-06
4.4,3.250000000000001,5.0,1.8,0.74,1.966450019715526e-06
4.45,3.3000000000000007,5.0,1.8,0.74,1.4379157216875127e-06
4.5,3.3500000000000005,5.0,1.8,0.74,1.0468376093019226e-06
4.550000000000001,3.4000000000000012,5.0,1.8,0.74,7.587849569077581e-07
4.6,3.45,5.0,1.8,0.74,5.475828337213165e-07
4.65,3.500000000000001,5.0,1.8,0.74,3.9343312307540636e-07
4.7,3.5500000000000007,5.0,1.8,0.74,2.814364348483507e-07
4.75,3.6000000000000005,5.0,1.8,0.74,2.0043631152691566e-07
4.800000000000001,3.6500000000000012,5.0,1.8,0.74,1.4212078354385022e-07
4.85,3.7,5.0,1.8,0.74,1.0032805015771807e-07
4.9,3.750000000000001,5.0,1.8,0.74,7.05130117557393e-08
4.95,3.8000000000000007,5.0,1.8,0.74,4.9339738525911335e-08
5.0,3.8500000000000005,5.0,1.8,0.74,3.437191470022114e-08
5.050000000000001,3.9000000000000012,5.0,1.8,0.74,2.3839029381868388e-08
5.1,3.95,5.0,1.8,0.74,1.6460767255208638e-08
5.15,4.000000000000001,5.0,1.8,0.74,1.13158447615595e-08
1.15,-1.1102230246251565e-16,7.5,0.35,0.8674999999999999,0.175
1.2,0.04999999999999993,7.5,0.35,0.8674999999999999,0.16695662662641284
1.25,0.09999999999999998,7.5,0.35,0.8674999999999999,0.15893992172118826
1.2999999999999998,0.1499999999999998,7.5,0.35,0.8674999999999999,0.15097628878134112
1.3499999999999999,0.19999999999999984,7.5,0.35,0.8674999999999999,0.14309160574416133
1.4,0.24999999999999978,7.5,0.35,0.8674999999999999,0.13531097306339046
1.45,0.30000000000000004,7.5,0.35,0.8674999999999999,0.1276584745317698
1.5,0.34999999999999987,7.5,0.35,0.8674999999999999,0.1201569546395549
1.5499999999999998,0.3999999999999997,7.5,0.35,0.8674999999999999,0.11282781588250755
1.5999999999999999,0.44999999999999996,7.5,0.35,0.8674999999999999,0.10569083898392287
1.65,0.4999999999999998,7.5,0.35,0.8674999999999999,0.09876402848639174
1.7,0.55,7.5,0.35,0.8674999999999999,0.09206348561474333
1.75,0.5999999999999999,7.5,0.35,0.8674999999999999,0.08560330972748952
1.7999999999999998,0.6499999999999997,7.5,0.35,0.8674999999999999,0.07939552907612135
1.85,0.7,7.5,0.35,0.8674999999999999,0.0734500609957825
1.9,0.7499999999999998,7.5,0.35,0.8674999999999999,0.0677747010725861
1.95,0.8,7.5,0.35,0.8674999999999999,0.06237514028654014
2.0,0.8499999999999999,7.5,0.35,0.8674999999999999,0.05725500862762272
2.05,0.8999999999999997,7.5,0.35,0.8674999999999999,0.05241594323708034
2.1,0.95,7.5,0.35,0.8674999999999999,0.04785767874549317
2.15,0.9999999999999998,7.5,0.35,0.8674999999999999,0.04357815717022265
2.2,1.05,7.5,0.35,0.8674999999999999,0.03957365450178858
2.25,1.0999999999999999,7.5,0.35,0.8674999999999999,0.03583892095335804
2.3,1.1499999999999997,7.5,0.35,0.8674999999999999,0.03236733176934677
2.35,1.2,7.5,0.35,0.8674999999999999,0.029151045485438867
2.4,1.2499999999999998,7.5,0.35,0.8674999999999999,0.02618116659843416
2.45,1.3,7.5,0.35,0.8674999999999999,0.02344790973385389
2.5,1.3499999999999999,7.5,0.35,0.8674999999999999,0.02094076258442004
2.55,1.3999999999999997,7.5,0.35,0.8674999999999999,0.01864864512455858
2.6,1.45,7.5,0.35,0.8674999999999999,0.016560062875495985
2.65,1.4999999999999998,7.5,0.35,0.8674999999999999,0.014663252292502071
2.7,1.55,7.5,0.35,0.8674999999999999,0.012946316660584418
2.75,1.5999999999999999,7.5,0.35,0.8674999999999999,0.01139735120797834
2.8,1.6499999999999997,7.5,0.35,0.8674999999999999,0.010004556469206258
2.85,1.7,7.5,0.35,0.8674999999999999,0.008756339243230958
2.9,1.7499999999999998,7.5,0.35,0.8674999999999999,0.007641400790219343
2.95,1.8,7.5,0.35,0.8674999999999999,0.006648812186718118
3.0,1.8499999999999999,7.5,0.35,0.8674999999999999,0.005768077008871966
3.05,1.8999999999999997,7.5,0.35,0.8674999999999999,0.004989181733169604
3.1,1.95,7.5,0.35,0.8674999999999999,0.004302634431780537
3.15,1.9999999999999998,7.5,0.35,0.8674999999999999,0.003699492493695542
3.2,2.05,7.5,0.35,0.8674999999999999,0.0031713802235234295
3.25,2.0999999999999996,7.5,0.35,0.8674999999999999,0.0027104972577903165
3.3,2.1499999999999995,7.5,0.35,0.8674999999999999,0.002309618795611166
3.35,2.2,7.5,0.35,0.8674999999999999,0.0019620886689969996
3.4,2.25,7.5,0.35,0.8674999999999999,0.0016618062806759825
3.45,2.3,7.5,0.35,0.8674999999999999,0.0014032084173522669
3.5,2.3499999999999996,7.5,0.35,0.8674999999999999,0.001181246907228997
3.5500000000000003,2.4000000000000004,7.5,0.35,0.8674999999999999,0.000991363035885783
3.6,2.45,7.5,0.35,0.8674999999999999,0.0008294595676960975
3.65,2.5,7.5,0.35,0.8674999999999999,0.00069187114422516
3.7,2.55,7.5,0.35,0.8674999999999999,0.000575333749571851
3.75,2.5999999999999996,7.5,0.35,0.8674999999999999,0.0004769538482308451
3.8000000000000003,2.6500000000000004,7.5,0.35,0.8674999999999999,0.00039417771624470526
3.85,2.7,7.5,0.35,0.8674999999999999,0.00032476140332286406
3.9,2.75,7.5,0.35,0.8674999999999999,0.00026674168398855186
3.95,2.8,7.5,0.35,0.8674999999999999,0.00021840828107237166
4.0,2.8499999999999996,7.5,0.35,0.8674999999999999,0.00017827757604632727
4.050000000000001,2.9000000000000004,7.5,0.35,0.8674999999999999,0.0001450679585009604
4.1,2.9499999999999993,7.5,0.35,0.8674999999999999,0.00011767691192960644
4.15,3.0,7.5,0.35,0.8674999999999999,9.515988505561362e-05
4.2,3.05,7.5,0.35,0.8674999999999999,7.671095715625198e-05
4.25,3.0999999999999996,7.5,0.35,0.8674999999999999,6.16452719536558e-05
4.300000000000001,3.1500000000000004,7.5,0.35,0.8674999999999999,4.938318726747749e-05
4.35,3.1999999999999993,7.5,0.35,0.8674999999999999,3.943606625778344e-05
4.4,3.250000000000001,7.5,0.35,0.8674999999999999,3.13936201589616e-05
4.45,3.3000000000000007,7.5,0.35,0.8674999999999999,2.4912701302075495e-05
4.5,3.3500000000000005,7.5,0.35,0.8674999999999999,1.9707438313567702e-05
4.550000000000001,3.4000000000000012,7.5,0.35,0.8674999999999999,1.554060203728327e-05
4.6,3.45,7.5,0.35,0.8674999999999999,1.2216090352033536e-05
4.65,3.500000000000001,7.5,0.35,0.8674999999999999,9.572422082537704e-06
4.7,3.5500000000000007,7.5,0.35,0.8674999999999999,7.477134107899821e-06
4.75,3.6000000000000005,7.5,0.35,0.8674999999999999,5.821981091706332e-06
4.800000000000001,3.6500000000000012,7.5,0.35,0.8674999999999999,4.518843580226838e-06
4.85,3.7,7.5,0.35,0.8674999999999999,3.496257185700431e-06
4.9,3.750000000000001,7.5,0.35,0.8674999999999999,2.696482891617456e-06
4.95,3.8000000000000007,7.5,0.35,0.8674999999999999,2.073045940515392e-06
5.0,3.8500000000000005,7.5,0.35,0.8674999999999999,1.5886780954395461e-06
5.050000000000001,3.9000000000000012,7.5,0.35,0.8674999999999999,1.2136051516695824e-06
5.1,3.95,7.5,0.35,0.8674999999999999,9.241283027288014e-07
5.15,4.000000000000001,7.5,0.35,0.8674999999999999,7.014542553484242e-07
1.15,-1.1102230246251565e-16,7.5,0.75,0.8875,0.175
1.2,0.04999999999999993,7.5,0.75,0.8875,0.16713769184514096
1.25,0.09999999999999998,7.5,0.75,0.8875,0.15930029230750106
1.2999999999999998,0.1499999999999998,7.5,0.75,0.8875,0.1515124735149721
1.3499999999999999,0.19999999999999984,7.5,0.75,0.8875,0.14379843835500047
1.4,0.24999999999999978,7.5,0.75,0.8875,0.1361816951172494
1.45,0.30000000000000004,7.5,0.75,0.8875,0.12868484302267869
1.5,0.34999999999999987,7.5,0.75,0.8875,0.12132937189306935
1.5499999999999998,0.3999999999999997,7.5,0.75,0.8875,0.11413547890743879
1.5999999999999999,0.44999999999999996,7.5,0.75,0.8875,0.10712190502384686
1.65,0.4999999999999998,7.5,0.75,0.8875,0.10030579322694078
1.7,0.55,7.5,0.75,0.8875,0.09370257030465284
1.75,0.5999999999999999,7.5,0.75,0.8875,0.08732585337401509
1.7999999999999998,0.6499999999999997,7.5,0.75,0.8875,0.0811873818788114
1.85,0.7,7.5,0.75,0.8875,0.07529697528353817
1.9,0.7499999999999998,7.5,0.75,0.8875,0.06966251620130227
1.95,0.8,7.5,0.75,0.8875,0.06428995822955967
2.0,0.8499999999999999,7.5,0.75,0.8875,0.05918335733762317
2.05,0.8999999999999997,7.5,0.75,0.8875,0.05434492526292642
2.1,0.95,7.5,0.75,0.8875,0.049775103036827494
2.15,0.9999999999999998,7.5,0.75,0.8875,0.0454726524812069
2.2,1.05,7.5,0.75,0.8875,0.04143476329835435
2.25,1.0999999999999999,7.5,0.75,0.8875,0.03765717322084395
2.3,1.1499999999999997,7.5,0.75,0.8875,0.03413429859560261
2.35,1.2,7.5,0.75,0.8875,0.030859372745760484
2.4,1.2499999999999998,7.5,0.75,0.8875,0.027824589482082284
2.45,1.3,7.5,0.75,0.8875,0.025021249218342395
2.5,1.3499999999999999,7.5,0.75,0.8875,0.02243990527625369
2.55,1.3999999999999997,7.5,0.75,0.8875,0.020070508138866378
2.6,1.45,7.5,0.75,0.8875,0.017902545619430315
2.65,1.4999999999999998,7.5,0.75,0.8875,0.01592517714785434
2.7,1.55,7.5,0.75,0.8875,0.014127360631259151
2.75,1.5999999999999999,7.5,0.75,0.8875,0.012497970610971104
2.8,1.6499999999999997,7.5,0.75,0.8875,0.011025906708234164
2.85,1.7,7.5,0.75,0.8875,0.009700191618057418
2.9,1.7499999999999998,7.5,0.75,0.8875,0.00851005816877279
2.95,1.8,7.5,0.75,0.8875,0.00744502520868033
3.0,1.8499999999999999,7.5,0.75,0.8875,0.006494962306131391
3.05,1.8999999999999997,7.5,0.75,0.8875,0.005650143452010035
3.1,1.95,7.5,0.75,0.8875,0.004901290131251748
3.15,1.9999999999999998,7.5,0.75,0.8875,0.004239604281148328
3.2,2.05,7.5,0.75,0.8875,0.0036567917779836835
3.25,2.0999999999999996,7.5,0.75,0.8875,0.0031450771900940356
3.3,2.1499999999999995,7.5,0.75,0.8875,0.002697210605537343
3.35,2.2,7.5,0.75,0.8875,0.002306467387599222
3.4,2.25,7.5,0.75,0.8875,0.0019666417332654127
3.45,2.3,7.5,0.75,0.8875,0.0016720349108531863
3.5,2.3499999999999996,7.5,0.75,0.8875,0.0014174390357859516
3.5500000000000003,2.4000000000000004,7.5,0.75,0.8875,0.0011981172107481707
3.6,2.45,7.5,0.75,0.8875,0.0010097808109661307
3.65,2.5,7.5,0.75,0.8875,0.0008485646398869891
3.7,2.55,7.5,0.75,0.8875,0.0007110006177323388
3.75,2.5999999999999996,7.5,0.75,0.8875,0.0005939905977695051
3.8000000000000003,2.6500000000000004,7.5,0.75,0.8875,0.0004947788349423114
3.85,2.7,7.5,0.75,0.8875,0.0004109245607451055
3.9,2.75,7.5,0.75,0.8875,0.0003402750486448151
3.95,2.8,7.5,0.75,0.8875,0.00028093948740374975
4.0,2.8499999999999996,7.5,0.75,0.8875,0.00023126391649173512
4.050000000000001,2.9000000000000004,7.5,0.75,0.8875,0.00018980741928450155
4.1,2.9499999999999993,7.5,0.75,0.8875,0.00015531971655021335
4.15,3.0,7.5,0.75,0.8875,0.00012672025521484782
4.2,3.05,7.5,0.75,0.8875,0.00010307884574660467
4.25,3.0999999999999996,7.5,0.75,0.8875,8.359786570467122e-05
4.300000000000001,3.1500000000000004,7.5,0.75,0.8875,6.759601690268708e-05
4.35,3.1999999999999993,7.5,0.75,0.8875,5.449359896435539e-05
4.4,3.250000000000001,7.5,0.75,0.8875,4.379924242765901e-05
4.45,3.3000000000000007,7.5,0.75,0.8875,3.509802954858846e-05
4.5,3.3500000000000005,7.5,0.75,0.8875,2.8040920086736173e-05
4.550000000000001,3.4000000000000012,7.5,0.75,0.8875,2.233539212449952e-05
4.6,3.45,7.5,0.75,0.8875,1.7737203876909285e-05
4.65,3.500000000000001,7.5,0.75,0.8875,1.4043181000549177e-05
4.7,3.5500000000000007,7.5,0.75,0.8875,1.108493464159193e-05
4.75,3.6000000000000005,7.5,0.75,0.8875,8.723417941252928e-06
4.800000000000001,3.6500000000000012,7.5,0.75,0.8875,6.844232547261794e-06
4.85,3.7,7.5,0.75,0.8875,5.353601509944528e-06
4.9,3.750000000000001,7.5,0.75,0.8875,4.17493046298935e-06
4.95,3.8000000000000007,7.5,0.75,0.8875,3.2458849377450227e-06
5.0,3.8500000000000005,7.5,0.75,0.8875,2.5159178144318648e-06
5.050000000000001,3.9000000000000012,7.5,0.75,0.8875,1.94418709260717e-06
5.1,3.95,7.5,0.75,0.8875,1.4978102223047859e-06
5.15,4.000000000000001,7.5,0.75,0.8875,1.1504070655102306e-06
1.15,-1.1102230246251565e-16,7.5,1.2,0.9099999999999999,0.175
1.2,0.04999999999999993,7.5,1.2,0.9099999999999999,0.1673318915474345
1.25,0.09999999999999998,7.5,1.2,0.9099999999999999,0.15968689208564693
1.2999999999999998,0.1499999999999998,7.5,1.2,0.9099999999999999,0.15208790188810672
1.3499999999999999,0.19999999999999984,7.5,1.2,0.9099999999999999,0.14455740693235622
1.4,0.24999999999999978,7.5,1.2,0.9099999999999999,0.13711727953275998
1.45,0.30000000000000004,7.5,1.2,0.9099999999999999,0.1297885881270553
1.5,0.34999999999999987,7.5,1.2,0.9099999999999999,0.12259141896817352
1.5499999999999998,0.3999999999999997,7.5,1.2,0.9099999999999999,0.11554471222623006
1.5999999999999999,0.44999999999999996,7.5,1.2,0.9099999999999999,0.10866611470996515
1.65,0.4999999999999998,7.5,1.2,0.9099999999999999,0.10197185108004043
1.7,0.55,7.5,1.2,0.9099999999999999,0.09547661505722568
1.75,0.5999999999999999,7.5,1.2,0.9099999999999999,0.08919348173611355
1.7999999999999998,0.6499999999999997,7.5,1.2,0.9099999999999999,0.08313384170944182
1.85,0.7,7.5,1.2,0.9099999999999999,0.07730735729936092
1.9,0.7499999999999998,7.5,1.2,0.9099999999999999,0.07172194078983021
1.95,0.8,7.5,1.2,0.9099999999999999,0.06638375416805488
2.0,0.8499999999999999,7.5,1.2,0.9099999999999999,0.06129722952104933
2.05,0.8999999999999997,7.5,1.2,0.9099999999999999,0.05646510890361694
2.1,0.95,7.5,1.2,0.9099999999999999,0.0518885022027187
2.15,0.9999999999999998,7.5,1.2,0.9099999999999999,0.04756696127550882
2.2,1.05,7.5,1.2,0.9099999999999999,0.04349856843800691
2.25,1.0999999999999999,7.5,1.2,0.9099999999999999,0.03968003723078276
2.3,1.1499999999999997,7.5,1.2,0.9099999999999999,0.03610682328805266
2.35,1.2,7.5,1.2,0.9099999999999999,0.0327732430867433
2.4,1.2499999999999998,7.5,1.2,0.9099999999999999,0.029672598350607923
2.45,1.3,7.5,1.2,0.9099999999999999,0.026797303928442165
2.5,1.3499999999999999,7.5,1.2,0.9099999999999999,0.024139017050914608
2.55,1.3999999999999997,7.5,1.2,0.9099999999999999,0.02168876599272993
2.6,1.45,7.5,1.2,0.9099999999999999,0.019437076320391
2.65,1.4999999999999998,7.5,1.2,0.9099999999999999,0.01737409308488286
2.7,1.55,7.5,1.2,0.9099999999999999,0.015489697517111236
2.75,1.5999999999999999,7.5,1.2,0.9099999999999999,0.013773616995783229
2.8,1.6499999999999997,7.5,1.2,0.9099999999999999,0.012215527276654627
2.85,1.7,7.5,1.2,0.9099999999999999,0.01080514619302542
2.9,1.7499999999999998,7.5,1.2,0.9099999999999999,0.009532318254808549
2.95,1.8,7.5,1.2,0.9099999999999999,0.008387089782754795
3.0,1.8499999999999999,7.5,1.2,0.9099999999999999,0.007359774411440807
3.05,1.8999999999999997,7.5,1.2,0.9099999999999999,0.0064410089760670195
3.1,1.95,7.5,1.2,0.9099999999999999,0.005621799961339915
3.15,1.9999999999999998,7.5,1.2,0.9099999999999999,0.004893560833823231
3.2,2.05,7.5,1.2,0.9099999999999999,0.004248140700944986
3.25,2.0999999999999996,7.5,1.2,0.9099999999999999,0.0036778448398157686
3.3,2.1499999999999995,7.5,1.2,0.9099999999999999,0.0031754477172392746
3.35,2.2,7.5,1.2,0.9099999999999999,0.002734199179414574
3.4,2.25,7.5,1.2,0.9099999999999999,0.002347824526942439
3.45,2.3,7.5,1.2,0.9099999999999999,0.002010519209340254
3.5,2.3499999999999996,7.5,1.2,0.9099999999999999,0.0017169388751230856
3.5500000000000003,2.4000000000000004,7.5,1.2,0.9099999999999999,0.0014621855006131028
3.6,2.45,7.5,1.2,0.9099999999999999,0.0012417902951179108
3.65,2.5,7.5,1.2,0.9099999999999999,0.001051694044143906
3.7,2.55,7.5,1.2,0.9099999999999999,0.0008882255080443956
3.75,2.5999999999999996,7.5,1.2,0.9099999999999999,0.0007480784430301992
3.8000000000000003,2.6500000000000004,7.5,1.2,0.9099999999999999,0.0006282877567585645
3.85,2.7,7.5,1.2,0.9099999999999999,0.000526205253568905
3.9,2.75,7.5,1.2,0.9099999999999999,0.00043947536646719973
3.95,2.8,7.5,1.2,0.9099999999999999,0.0003660112155835657
4.0,2.8499999999999996,7.5,1.2,0.9099999999999999,0.00030397127723080547
4.050000000000001,2.9000000000000004,7.5,1.2,0.9099999999999999,0.00025173689484852445
4.1,2.9499999999999993,7.5,1.2,0.9099999999999999,0.00020789081378681692
4.15,3.0,7.5,1.2,0.9099999999999999,0.0001711968766223157
4.2,3.05,7.5,1.2,0.9099999999999999,0.00014058097487729013
4.25,3.0999999999999996,7.5,1.2,0.9099999999999999,0.00011511331683094735
4.300000000000001,3.1500000000000004,7.5,1.2,0.9099999999999999,9.39920396255563e-05
4.35,3.1999999999999993,7.5,1.2,0.9099999999999999,7.652816700743597e-05
4.4,3.250000000000001,7.5,1.2,0.9099999999999999,6.213189163071457e-05
4.45,3.3000000000000007,7.5,1.2,0.9099999999999999,5.030014263524757e-05
4.5,3.3500000000000005,7.5,1.2,0.9099999999999999,4.06053848739391e-05
4.550000000000001,3.4000000000000012,7.5,1.2,0.9099999999999999,3.2685585352279664e-05
4.6,3.45,7.5,1.2,0.9099999999999999,2.6235274772693245e-05
4.65,3.500000000000001,7.5,1.2,0.9099999999999999,2.0997627157114787e-05
4.7,3.5500000000000007,7.5,1.2,0.9099999999999999,1.67574779643451e-05
4.75,3.6000000000000005,7.5,1.2,0.9099999999999999,1.3335200548084707e-05
4.800000000000001,3.6500000000000012,7.5,1.2,0.9099999999999999,1.0581361861714293e-05
4.85,3.7,7.5,1.2,0.9099999999999999,8.372080677767046e-06
4.9,3.750000000000001,7.5,1.2,0.9099999999999999,6.605014954996623e-06
4.95,3.8000000000000007,7.5,1.2,0.9099999999999999,5.195909088003609e-06
5.0,3.8500000000000005,7.5,1.2,0.9099999999999999,4.075636381164993e-06
5.050000000000001,3.9000000000000012,7.5,1.2,0.9099999999999999,3.1876770010693837e-06
5.1,3.95,7.5,1.2,0.9099999999999999,2.4859767128395263e-06
5.15,4.000000000000001,7.5,1.2,0.9099999999999999,1.933136758873644e-06
1.15,-1.1102230246251565e-16,7.5,1.8,0.94,0.175
1.2,0.04999999999999993,7.5,1.8,0.94,0.1675763838914976
1.25,0.09999999999999998,7.5,1.8,0.94,0.16017373705315244
1.2999999999999998,0.1499999999999998,7.5,1.8,0.94,0.15281285122859195
1.3499999999999999,0.19999999999999984,7.5,1.8,0.94,0.14551416561093553
1.4,0.24999999999999978,7.5,1.8,0.94,0.13829759677457767
1.45,0.30000000000000004,7.5,1.8,0.94,0.13118237591850537
1.5,0.34999999999999987,7.5,1.8,0.94,0.12418689563385636
1.5499999999999998,0.3999999999999997,7.5,1.8,0.94,0.11732856822331862
1.5999999999999999,0.44999999999999996,7.5,1.8,0.94,0.11062369737745417
1.65,0.4999999999999998,7.5,1.8,0.94,0.10408736475859677
1.7,0.55,7.5,1.8,0.94,0.09773333276285362
1.75,0.5999999999999999,7.5,1.8,0.94,0.09157396443168862
1.7999999999999998,0.6499999999999997,7.5,1.8,0.94,0.08562016117366068
1.85,0.7,7.5,1.8,0.94,0.07988131864136122
1.9,0.7499999999999998,7.5,1.8,0.94,0.07436530079557353
1.95,0.8,7.5,1.8,0.94,0.06907843188503482
2.0,0.8499999999999999,7.5,1.8,0.94,0.06402550578234233
2.05,0.8999999999999997,7.5,1.8,0.94,0.059209811850295835
2.1,0.95,7.5,1.8,0.94,0.05463317627337311
2.15,0.9999999999999998,7.5,1.8,0.94,0.05029601758025869
2.2,1.05,7.5,1.8,0.94,0.04619741490864301
2.25,1.0999999999999999,7.5,1.8,0.94,0.0423351874251179
2.3,1.1499999999999997,7.5,1.8,0.94,0.038705983212158984
2.35,1.2,7.5,1.8,0.94,0.0353053758711618
2.4,1.2499999999999998,7.5,1.8,0.94,0.0321279670645847
2.45,1.3,7.5,1.8,0.94,0.02916749322988253
2.5,1.3499999999999999,7.5,1.8,0.94,0.026416934740741815
2.55,1.3999999999999997,7.5,1.8,0.94,0.023868625864121314
2.6,1.45,7.5,1.8,0.94,0.02151436396120406
2.65,1.4999999999999998,7.5,1.8,0.94,0.01934551650258915
2.7,1.55,7.5,1.8,0.94,0.017353124608640934
2.75,1.5999999999999999,7.5,1.8,0.94,0.01552800198047135
2.8,1.6499999999999997,7.5,1.8,0.94,0.013860828251141573
2.85,1.7,7.5,1.8,0.94,0.012342235956037546
2.9,1.7499999999999998,7.5,1.8,0.94,0.010962890491904843
2.95,1.8,7.5,1.8,0.94,0.009713562601950033
3.0,1.8499999999999999,7.5,1.8,0.94,0.008585193086332257
3.05,1.8999999999999997,7.5,1.8,0.94,0.007568949590329621
3.1,1.95,7.5,1.8,0.94,0.006656275464004001
3.15,1.9999999999999998,7.5,1.8,0.94,0.005838930815340721
3.2,2.05,7.5,1.8,0.94,0.005109025992154263
3.25,2.0999999999999996,7.5,1.8,0.94,0.004459047825574688
3.3,2.1499999999999995,7.5,1.8,0.94,0.0038818790491825786
3.35,2.2,7.5,1.8,0.94,0.003370811372807427
3.4,2.25,7.5,1.8,0.94,0.0029195527390006425
3.45,2.3,7.5,1.8,0.94,0.00252222932394164
3.5,2.3499999999999996,7.5,1.8,0.94,0.002173382864021651
3.5500000000000003,2.4000000000000004,7.5,1.8,0.94,0.0018679638957908584
3.6,2.45,7.5,1.8,0.94,0.0016013214917388505
3.65,2.5,7.5,1.8,0.94,0.0013691900590062948
3.7,2.55,7.5,1.8,0.94,0.0011676737441599827
3.75,2.5999999999999996,7.5,1.8,0.94,0.0009932289561768478
3.8000000000000003,2.6500000000000004,7.5,1.8,0.94,0.0008426454833190094
3.85,2.7,7.5,1.8,0.94,0.0007130266391159778
3.9,2.75,7.5,1.8,0.94,0.0006017688295795787
3.95,2.8,7.5,1.8,0.94,0.0005065408893185214
4.0,2.8499999999999996,7.5,1.8,0.94,0.0004252634895114083
4.050000000000001,2.9000000000000004,7.5,1.8,0.94,0.0003560888767101363
4.1,2.9499999999999993,7.5,1.8,0.94,0.00029738115899750184
4.15,3.0,7.5,1.8,0.94,0.0002476973157782952
4.2,3.05,7.5,1.8,0.94,0.00020576906995897399
4.25,3.0999999999999996,7.5,1.8,0.94,0.00017048572684393338
4.300000000000001,3.1500000000000004,7.5,1.8,0.94,0.00014087805299450688
4.35,3.1999999999999993,7.5,1.8,0.94,0.00011610324069198279
4.4,3.250000000000001,7.5,1.8,0.94,9.543097954874747e-05
4.45,3.3000000000000007,7.5,1.8,0.94,7.823063616614365e-05
4.5,3.3500000000000005,7.5,1.8,0.94,6.395952541624918e-05
4.550000000000001,3.4000000000000012,7.5,1.8,0.94,5.2152242743717784e-05
4.6,3.45,7.5,1.8,0.94,4.24110156161706e-05
4.65,3.500000000000001,7.5,1.8,0.94,3.439702364108692e-05
4.7,3.5500000000000007,7.5,1.8,0.94,2.7822630638966286e-05
4.75,3.6000000000000005,7.5,1.8,0.94,2.2444467834038145e-05
4.800000000000001,3.6500000000000012,7.5,1.8,0.94,1.8057305012890633e-05
4.85,3.7,7.5,1.8,0.94,1.4488645733635153e-05
4.9,3.750000000000001,7.5,1.8,0.94,1.1593983182615683e-05
4.95,3.8000000000000007,7.5,1.8,0.94,9.252654828803177e-06
5.0,3.8500000000000005,7.5,1.8,0.94,7.364236395121912e-06
5.050000000000001,3.9000000000000012,7.5,1.8,0.94,5.845418650823908e-06
5.1,3.95,7.5,1.8,0.94,4.627313952831612e-06
5.15,4.000000000000001,7.5,1.8,0.94,3.6531431734050728e-06
